product_id,product_name,top_cat,price_disc,discount_pct,rating_count,pred_segment,true_segment,monthly_volume,revenue_baseline,revenue_uplift,inferred_placement,mismatch_flag,mismatch_revenue_loss
B07W9KYT62,"TP-Link AC1200 Archer A6 Smart WiFi, 5GHz Gigabit Dual Band MU-MIMO Wireless Internet Router, Long Range Coverage by 4 Antennas, Qualcomm Chipset",Computers&Accessories,2499.0,38.0,12679,UNMATCHED,UNMATCHED,352.19444444444446,880133.9166666667,44006.69583333334,SOCIAL_PROOF,1,132020.0875
B0123P3PWE,Rico IRPRO 1500 Watt Japanese Technology Electric Water Heater Immersion Rod Shockproof Protection & Stainless Steel Heating Element for Instant Heating| ISI Certified 1 Year Replacement Warranty,Home&Kitchen,999.0,7.0,9275,SOCIAL_PROOF,SOCIAL_PROOF,257.6388888888889,257381.25000000003,56623.87500000001,QUALITY_FIRST,1,38607.1875
B0B3RRWSF6,"Fire-Boltt Phoenix Smart Watch with Bluetooth Calling 1.3"",120+ Sports Modes, 240*240 PX High Res with SpO2, Heart Rate Monitoring & IP67 Rating",Electronics,1998.0,80.0,27696,DEAL_SEEKER,DEAL_SEEKER,769.3333333333334,1537128.0,584108.64,DEAL_SEEKER,0,0.0
B0B3RRWSF6,"Fire-Boltt Phoenix Smart Watch with Bluetooth Calling 1.3"",120+ Sports Modes, 240*240 PX High Res with SpO2, Heart Rate Monitoring & IP67 Rating",Electronics,1998.0,80.0,27709,DEAL_SEEKER,DEAL_SEEKER,769.6944444444445,1537849.5,584382.81,DEAL_SEEKER,0,0.0
B09P22HXH6,"Lenovo 300 FHD Webcam with Full Stereo Dual Built-in mics | FHD 1080P 2.1 Megapixel CMOS Camera |Privacy Shutter | Ultra-Wide 95 Lens | 360 Rotation | Flexible Mount, Plug-n-Play | Cloud Grey",Computers&Accessories,1890.0,66.0,10976,DEAL_SEEKER,DEAL_SEEKER,304.8888888888889,576240.0,218971.2,DEAL_SEEKER,0,0.0
B07YNHCW6N,Robustrion Smart Trifold Hard Back Flip Stand Case Cover for Apple iPad 10.2 Cover iPad 9th Generation Cover 2021 8th Gen 2020 7th Gen 2019 Generation Case - Black,Computers&Accessories,549.0,78.0,5556,DEAL_SEEKER,DEAL_SEEKER,154.33333333333334,84729.0,32197.02,DEAL_SEEKER,0,0.0
B09LRZYBH1,"KRISONS Thunder Speaker, Multimedia Home Theatre, Floor Standing Speaker, LED Display with Bluetooth, FM, USB, Micro SD Card, AUX Connectivity",Electronics,2299.0,43.0,282,UNMATCHED,UNMATCHED,7.833333333333333,18008.833333333332,900.4416666666666,SOCIAL_PROOF,1,2701.325
B008LN8KDM,Philips GC1920/28 1440-Watt Non-Stick Soleplate Steam Iron,Home&Kitchen,1849.0,12.0,7681,QUALITY_FIRST,QUALITY_FIRST,213.36111111111111,394504.69444444444,98626.17361111111,QUALITY_FIRST,0,0.0
B08FGNPQ9X,"Zinq UPS for Router, Mini UPS for 12V WiFi Router Broadband Modem with Upto 4 Hours Power Backup, Upto 2Amp, Works with Existing Adapter, Also Works with Set-top Box, Smart Camera, CCTV (Black)",Computers&Accessories,1199.0,60.0,10725,DEAL_SEEKER,DEAL_SEEKER,297.9166666666667,357202.0833333334,135736.7916666667,DEAL_SEEKER,0,0.0
B08QSC1XY8,"Zoul USB C 60W Fast Charging 3A 6ft/2M Long Type C Nylon Braided Data Cable Quick Charger Cable QC 3.0 for Samsung Galaxy M31S M30 S10 S9 S20 Plus, Note 10 9 8, A20e A40 A50 A70 (2M, Grey)",Computers&Accessories,389.0,65.0,974,DEAL_SEEKER,DEAL_SEEKER,27.055555555555557,10524.611111111111,3999.3522222222223,DEAL_SEEKER,0,0.0
B08QSC1XY8,"Zoul USB C 60W Fast Charging 3A 6ft/2M Long Type C Nylon Braided Data Cable Quick Charger Cable QC 3.0 for Samsung Galaxy M31S M30 S10 S9 S20 Plus, Note 10 9 8, A20e A40 A50 A70 (2M, Grey)",Computers&Accessories,389.0,65.0,974,DEAL_SEEKER,DEAL_SEEKER,27.055555555555557,10524.611111111111,3999.3522222222223,DEAL_SEEKER,0,0.0
B07XCM6T4N,STRIFF Adjustable Laptop Tabletop Stand Patented Riser Ventilated Portable Foldable Compatible with MacBook Notebook Tablet Tray Desk Table Book with Free Phone Stand (Black),Computers&Accessories,349.0,77.0,24791,DEAL_SEEKER,DEAL_SEEKER,688.6388888888889,240334.97222222222,91327.28944444444,DEAL_SEEKER,0,0.0
B00R1P3B4O,Fujifilm Instax Mini Single Pack 10 Sheets Instant Film for Fuji Instant Cameras,Electronics,549.0,0.0,4875,QUALITY_FIRST,QUALITY_FIRST,135.41666666666666,74343.75,18585.9375,QUALITY_FIRST,0,0.0
B09VKWGZD7,"AGARO Supreme High Pressure Washer, 1800 Watts, 120 Bars, 6.5L/Min Flow Rate, 8 Meters Outlet Hose, Portable, for Car,Bike and Home Cleaning Purpose, Black and Orange",Home&Kitchen,4789.0,47.0,1017,DEAL_SEEKER,DEAL_SEEKER,28.25,135289.25,51409.915,SOCIAL_PROOF,1,20293.3875
B08JV91JTK,JM SELLER 180 W 2021 Edition Electric Beater High Speed Hand Mixer Egg Beater for Cake Making and Whipping Cream with 7 Speed Control (White) with Free Spatula and Oil Brush,Home&Kitchen,474.0,64.0,550,DEAL_SEEKER,DEAL_SEEKER,15.277777777777779,7241.666666666667,2751.8333333333335,DEAL_SEEKER,0,0.0
B00H0B29DI,USHA Heat Convector 812 T 2000-Watt with Instant Heating Feature (Black),Home&Kitchen,2199.0,26.0,1558,UNMATCHED,UNMATCHED,43.27777777777778,95167.83333333333,4758.391666666666,QUALITY_FIRST,1,14275.175
B00HVXS7WC,"Bajaj Rex 500W Mixer Grinder with Nutri-Pro Feature, 3 Jars, White",Home&Kitchen,1999.0,38.0,41349,SOCIAL_PROOF,SOCIAL_PROOF,1148.5833333333333,2296018.083333333,505123.9783333333,SOCIAL_PROOF,0,0.0
B08YRMBK9R,"Candes 10 Litre Perfecto 5 Star Rated Automatic Instant Storage Electric Water Heater with Special Metal Body Anti Rust Coating With Installation Kit, 2KW Geyser (Ivory)",Home&Kitchen,3249.0,48.0,2569,DEAL_SEEKER,DEAL_SEEKER,71.36111111111111,231852.25,88103.855,SOCIAL_PROOF,1,34777.8375
B09NHVCHS9,Flix Micro Usb Cable For Smartphone (Black),Computers&Accessories,59.0,70.0,9378,DEAL_SEEKER,DEAL_SEEKER,260.5,15369.5,5840.41,DEAL_SEEKER,0,0.0
B09NHVCHS9,Flix Micro Usb Cable For Smartphone (Black),Computers&Accessories,59.0,70.0,9377,DEAL_SEEKER,DEAL_SEEKER,260.47222222222223,15367.861111111111,5839.787222222222,DEAL_SEEKER,0,0.0
B09NHVCHS9,Flix Micro Usb Cable For Smartphone (Black),Computers&Accessories,59.0,70.0,9377,DEAL_SEEKER,DEAL_SEEKER,260.47222222222223,15367.861111111111,5839.787222222222,DEAL_SEEKER,0,0.0
B01DEWVZ2C,"JBL C100SI Wired In Ear Headphones with Mic, JBL Pure Bass Sound, One Button Multi-function Remote, Angled Buds for Comfort fit (Black)",Electronics,599.0,40.0,192590,SOCIAL_PROOF,SOCIAL_PROOF,5349.722222222223,3204483.6111111115,704986.3944444446,SOCIAL_PROOF,0,0.0
B01DEWVZ2C,"JBL C100SI Wired In Ear Headphones with Mic, JBL Pure Bass Sound, One Button Multi-function Remote, Angled Buds for Comfort fit (Black)",Electronics,599.0,40.0,192587,SOCIAL_PROOF,SOCIAL_PROOF,5349.638888888889,3204433.6944444445,704975.4127777778,SOCIAL_PROOF,0,0.0
B07CRL2GY6,boAt Rugged V3 Braided Micro USB Cable (Pearl White),Computers&Accessories,299.0,63.0,94363,DEAL_SEEKER,DEAL_SEEKER,2621.1944444444443,783737.1388888889,297820.1127777778,DEAL_SEEKER,0,0.0
B09DSQXCM8,"House of Quirk Reusable Sticky Picker Cleaner Easy-Tear Sheets Travel Pet Hair Lint Rollers Brush (10cm Sheet, Set of 3 Rolls, 180 Sheets, 60 Sheets Each roll Lint Roller Remover, Multicolour)",Home&Kitchen,299.0,40.0,1015,UNMATCHED,UNMATCHED,28.194444444444443,8430.138888888889,421.50694444444446,SOCIAL_PROOF,1,1264.5208333333333
B09C6HWG18,"Duracell Type C To Type C 5A (100W) Braided Sync & Fast Charging Cable, 3.9 Feet (1.2M). USB C to C Cable, Supports PD & QC 3.0 Charging, 5 GBPS Data Transmission – Black",Computers&Accessories,970.0,51.0,462,DEAL_SEEKER,DEAL_SEEKER,12.833333333333334,12448.333333333334,4730.366666666667,DEAL_SEEKER,0,0.0
B09C6HWG18,"Duracell Type C To Type C 5A (100W) Braided Sync & Fast Charging Cable, 3.9 Feet (1.2M). USB C to C Cable, Supports PD & QC 3.0 Charging, 5 GBPS Data Transmission – Black",Computers&Accessories,970.0,51.0,462,DEAL_SEEKER,DEAL_SEEKER,12.833333333333334,12448.333333333334,4730.366666666667,DEAL_SEEKER,0,0.0
B097XJQZ8H,"Cookwell Bullet Mixer Grinder (5 Jars, 3 Blades, Silver)",Home&Kitchen,2464.0,59.0,8866,DEAL_SEEKER,DEAL_SEEKER,246.27777777777777,606828.4444444444,230594.80888888886,DEAL_SEEKER,0,0.0
B08NW8GHCJ,"Synqe USB C to USB C 60W Nylon Braided Fast Charging Type C to Type C Cable Compatible with Samsung Galaxy Note 20/Ultra, S20 S22 S21 S20 FE A73 A53 A33 (2M, Black)",Computers&Accessories,389.0,61.0,838,DEAL_SEEKER,DEAL_SEEKER,23.27777777777778,9055.055555555557,3440.9211111111117,DEAL_SEEKER,0,0.0
B07LG96SDB,ESN 999 Supreme Quality 1500W Immersion Water Heater Rod (Black),Home&Kitchen,335.0,34.0,3195,UNMATCHED,UNMATCHED,88.75,29731.25,1486.5625,SOCIAL_PROOF,1,4459.6875
B09JS562TP,"Motorola a10 Dual Sim keypad Mobile with 1750 mAh Battery, Expandable Storage Upto 32GB, Wireless FM with Recording - Rose Gold",Electronics,1399.0,14.0,9378,UNMATCHED,UNMATCHED,260.5,364439.5,18221.975000000002,QUALITY_FIRST,1,54665.924999999996
B09GYBZPHF,"Lifelong LLMG93 500 Watt Duos Mixer Grinder, 2 Stainless Steel Jar (Liquidizing and Chutney Jar)| ABS Body, Stainless Steel Blades, 3 Speed Options with Whip (1 Year Warranty, Black)",Home&Kitchen,1149.0,54.0,4383,DEAL_SEEKER,DEAL_SEEKER,121.75,139890.75,53158.485,DEAL_SEEKER,0,0.0
B075ZTJ9XR,"AmazonBasics High-Speed Braided HDMI Cable - 3 Feet - Supports Ethernet, 3D, 4K and Audio Return (Black)",Electronics,269.0,59.0,35877,DEAL_SEEKER,DEAL_SEEKER,996.5833333333334,268080.9166666667,101870.74833333334,DEAL_SEEKER,0,0.0
B09N6TTHT6,"E-COSMOS Plug in LED Night Light Mini USB LED Light Flexible USB LED Ambient Light Mini USB LED Light, LED Portable car Bulb, Indoor, Outdoor, Reading, Sleep (4 pcs)",Computers&Accessories,89.0,10.0,241,UNMATCHED,UNMATCHED,6.694444444444445,595.8055555555555,29.790277777777778,QUALITY_FIRST,1,89.37083333333332
B00SH18114,"Ikea 903.391.72 Polypropylene Plastic Solid Bevara Sealing Clip (Multicolour) - 30 Pack, Adjustable",Home&Kitchen,160.0,46.0,2781,DEAL_SEEKER,DEAL_SEEKER,77.25,12360.0,4696.8,SOCIAL_PROOF,1,1854.0
B08498H13H,"HP GK320 Wired Full Size RGB Backlight Mechanical Gaming Keyboard, 4 LED Indicators, Mechanical Switches, Double Injection Key Caps, and Windows Lock Key(4QN01AA)",Computers&Accessories,1519.0,57.0,408,DEAL_SEEKER,DEAL_SEEKER,11.333333333333334,17215.333333333336,6541.826666666668,DEAL_SEEKER,0,0.0
B07LG59NPV,"Boult Audio Probass Curve Bluetooth Wireless in Ear Earphones with Mic with Ipx5 Water Resistant, 12H Battery Life & Extra Bass (Black)",Electronics,899.0,80.0,103052,DEAL_SEEKER,DEAL_SEEKER,2862.5555555555557,2573437.4444444445,977906.228888889,DEAL_SEEKER,0,0.0
B09X7DY7Q4,SanDisk Extreme SD UHS I 64GB Card for 4K Video for DSLR and Mirrorless Cameras 170MB/s Read & 80MB/s Write,Electronics,939.0,48.0,205052,DEAL_SEEKER,DEAL_SEEKER,5695.888888888889,5348439.666666666,2032407.073333333,SOCIAL_PROOF,1,802265.9499999998
B0BBLHTRM9,IONIX Tap filter Multilayer | Activated Carbon Faucet Water Filters Universal Interface Home Kitchen Faucet Tap Water Clean Purifier Filter Cartridge Five Layer Water Filter-Pack of 1,Home&Kitchen,199.0,72.0,159,UNMATCHED,UNMATCHED,4.416666666666667,878.9166666666667,43.94583333333334,DEAL_SEEKER,1,131.8375
B009UORDX4,"Philips Hi113 1000-Watt Plastic Body Ptfe Coating Dry Iron, Pack of 1",Home&Kitchen,949.0,3.0,7223,QUALITY_FIRST,QUALITY_FIRST,200.63888888888889,190406.30555555556,47601.57638888889,QUALITY_FIRST,0,0.0
B07Z1YVP72,"AirCase Protective Laptop Bag Sleeve fits Upto 15.6"" Laptop/ MacBook, Wrinkle Free, Padded, Waterproof Light Neoprene case Cover Pouch, for Men & Women, Black- 6 Months Warranty",Computers&Accessories,449.0,55.0,11330,DEAL_SEEKER,DEAL_SEEKER,314.72222222222223,141310.27777777778,53697.90555555556,DEAL_SEEKER,0,0.0
B096MSW6CT,"Sounce Fast Phone Charging Cable & Data Sync USB Cable Compatible for iPhone 13, 12,11, X, 8, 7, 6, 5, iPad Air, Pro, Mini & iOS Devices",Computers&Accessories,199.0,90.0,7928,DEAL_SEEKER,DEAL_SEEKER,220.22222222222223,43824.222222222226,16653.204444444447,DEAL_SEEKER,0,0.0
B096MSW6CT,"Sounce Fast Phone Charging Cable & Data Sync USB Cable Compatible for iPhone 13, 12,11, X, 8, 7, 6, 5, iPad Air, Pro, Mini & iOS Devices",Computers&Accessories,199.0,80.0,7928,DEAL_SEEKER,DEAL_SEEKER,220.22222222222223,43824.222222222226,16653.204444444447,DEAL_SEEKER,0,0.0
B096MSW6CT,"Sounce Fast Phone Charging Cable & Data Sync USB Cable Compatible for iPhone 13, 12,11, X, 8, 7, 6, 5, iPad Air, Pro, Mini & iOS Devices",Computers&Accessories,199.0,80.0,7928,DEAL_SEEKER,DEAL_SEEKER,220.22222222222223,43824.222222222226,16653.204444444447,DEAL_SEEKER,0,0.0
B0BMXMLSMM,"Lapster 65W compatible for OnePlus Dash Warp Charge Cable , type c to c cable fast charging Data Sync Cable Compatible with One Plus 10R / 9RT/ 9 pro/ 9R/ 8T/ 9/ Nord & for All Type C Devices – Red, 1 Meter",Computers&Accessories,199.0,80.0,127,DEAL_SEEKER,DEAL_SEEKER,3.5277777777777777,702.0277777777777,266.7705555555555,DEAL_SEEKER,0,0.0
B0BMXMLSMM,"Lapster 65W compatible for OnePlus Dash Warp Charge Cable , type c to c cable fast charging Data Sync Cable Compatible with One Plus 10R / 9RT/ 9 pro/ 9R/ 8T/ 9/ Nord & for All Type C Devices – Red, 1 Meter",Computers&Accessories,199.0,80.0,127,DEAL_SEEKER,DEAL_SEEKER,3.5277777777777777,702.0277777777777,266.7705555555555,DEAL_SEEKER,0,0.0
B07JF9B592,MAONO AU-400 Lavalier Auxiliary Omnidirectional Microphone (Black),MusicalInstruments,478.0,32.0,20218,UNMATCHED,UNMATCHED,561.6111111111111,268450.1111111111,13422.505555555557,SOCIAL_PROOF,1,40267.51666666667
B0B4DT8MKT,"Wecool Unbreakable 3 in 1 Charging Cable with 3A Speed, Fast Charging Multi Purpose Cable 1.25 Mtr Long, Type C cable, Micro Usb Cable and Cable for iPhone, White",Computers&Accessories,348.0,77.0,656,DEAL_SEEKER,DEAL_SEEKER,18.22222222222222,6341.333333333333,2409.7066666666665,DEAL_SEEKER,0,0.0
B0B4DT8MKT,"Wecool Unbreakable 3 in 1 Charging Cable with 3A Speed, Fast Charging Multi Purpose Cable 1.25 Mtr Long, Type C cable, Micro Usb Cable and Cable for iPhone, White",Computers&Accessories,348.0,77.0,656,DEAL_SEEKER,DEAL_SEEKER,18.22222222222222,6341.333333333333,2409.7066666666665,DEAL_SEEKER,0,0.0
B09KRHXTLN,"Candes Gloster All in One Silent Blower Fan Room Heater Ideal for Small and Medium Area, 2000 Watts (White)",Home&Kitchen,1069.0,37.0,313,UNMATCHED,UNMATCHED,8.694444444444445,9294.361111111111,464.71805555555557,SOCIAL_PROOF,1,1394.1541666666667
B00LM4W1N2,Parker Classic Gold Gold Trim Ball Pen,OfficeProducts,480.0,20.0,5719,QUALITY_FIRST,QUALITY_FIRST,158.86111111111111,76253.33333333333,19063.333333333332,QUALITY_FIRST,0,0.0
B08V9C4B1J,"Synqe Type C to Type C Short Fast Charging 60W Cable Compatible with Samsung Galaxy Z Fold3 5G, Z Flip3 5G, S22 5G, S22 Ultra, S21, S20, S20FE, A52, A73, A53 (0.25M, Black)",Computers&Accessories,349.0,65.0,838,DEAL_SEEKER,DEAL_SEEKER,23.27777777777778,8123.944444444444,3087.0988888888887,DEAL_SEEKER,0,0.0
B083342NKJ,MI Braided USB Type-C Cable for Charging Adapter (Red),Computers&Accessories,349.0,13.0,18757,QUALITY_FIRST,QUALITY_FIRST,521.0277777777778,181838.69444444447,45459.67361111112,QUALITY_FIRST,0,0.0
B083342NKJ,MI Braided USB Type-C Cable for Charging Adapter (Red),Computers&Accessories,349.0,13.0,18757,QUALITY_FIRST,QUALITY_FIRST,521.0277777777778,181838.69444444447,45459.67361111112,QUALITY_FIRST,0,0.0
B083342NKJ,MI Braided USB Type-C Cable for Charging Adapter (Red),Computers&Accessories,349.0,13.0,18757,QUALITY_FIRST,QUALITY_FIRST,521.0277777777778,181838.69444444447,45459.67361111112,QUALITY_FIRST,0,0.0
B08ZJDWTJ1,"Seagate Expansion 1TB External HDD - USB 3.0 for Windows and Mac with 3 yr Data Recovery Services, Portable Hard Drive (STKM1000400)",Computers&Accessories,4098.0,18.0,50810,QUALITY_FIRST,QUALITY_FIRST,1411.388888888889,5783871.666666667,1445967.9166666667,QUALITY_FIRST,0,0.0
B014I8SSD0,"Amazon Basics High-Speed HDMI Cable, 6 Feet - Supports Ethernet, 3D, 4K video,Black",Electronics,309.0,35.0,426973,SOCIAL_PROOF,SOCIAL_PROOF,11860.361111111111,3664851.5833333335,806267.3483333334,SOCIAL_PROOF,0,0.0
B0B84QN4CN,Wipro Vesta 1200 Watt GD201 Lightweight Automatic Dry Iron| Quick Heat Up| Stylish & Sleek |Anti bacterial German Weilburger Double Coated Soleplate |2 Years Warranty,Home&Kitchen,660.0,40.0,91,UNMATCHED,UNMATCHED,2.5277777777777777,1668.3333333333333,83.41666666666667,SOCIAL_PROOF,1,250.24999999999997
B09939XJX8,"TVARA LCD Writing Tablet, 8.5"" Inch Colorful Toddler Doodle Board Drawing Tablet, Erasable Reusable Electronic Drawing Pads, Educational and Learning Tool for 3-6 Years Old Boy and Girls Mix Colors",Computers&Accessories,354.0,76.0,1026,DEAL_SEEKER,DEAL_SEEKER,28.5,10089.0,3833.82,DEAL_SEEKER,0,0.0
B0BBFJ9M3X,"Redmi 11 Prime 5G (Meadow Green, 4GB RAM 64GB ROM) | Prime Design | MTK Dimensity 700 | 50 MP Dual Cam | 5000mAh | 7 Band 5G",Electronics,13999.0,13.0,2180,UNMATCHED,UNMATCHED,60.55555555555556,847717.2222222222,42385.86111111112,QUALITY_FIRST,1,127157.58333333333
B09DL9978Y,"Hindware Atlantic Compacto 3 Litre Instant water heater with Stainless Steel Tank, Robust Construction, Pressure Relief Valve And I-thermostat Feature (White And Grey)",Home&Kitchen,2399.0,48.0,444,DEAL_SEEKER,DEAL_SEEKER,12.333333333333334,29587.666666666668,11243.313333333334,SOCIAL_PROOF,1,4438.15
B075TJHWVC,Airtel Digital TV HD Set Top Box with 1 Month Basic Pack with Recording + Free Standard Installation,Electronics,917.0,60.0,3300,DEAL_SEEKER,DEAL_SEEKER,91.66666666666667,84058.33333333334,31942.16666666667,DEAL_SEEKER,0,0.0
B01MY839VW,"Orient Electric Fabrijoy DIFJ10BP 1000-Watt Dry Iron, Non-Stick (White and Blue)",Home&Kitchen,549.0,50.0,13029,DEAL_SEEKER,DEAL_SEEKER,361.9166666666667,198692.25,75503.05500000001,SOCIAL_PROOF,1,29803.837499999998
B0BCVJ3PVP,"SupCares Laptop Stand 7 Height Adjustable, Aluminium, Ventilated, Foldable, Portable Laptop Holder for Desk & Table Mount Upto 15.6 inch Laptop with Carry Pouch (Silver)",Computers&Accessories,499.0,62.0,434,DEAL_SEEKER,DEAL_SEEKER,12.055555555555555,6015.722222222222,2285.974444444444,DEAL_SEEKER,0,0.0
B07D2NMTTV,Black + Decker BD BXIR2201IN 2200-Watt Cord & Cordless Steam Iron (Green),Home&Kitchen,3199.0,9.0,1899,UNMATCHED,UNMATCHED,52.75,168747.25,8437.362500000001,QUALITY_FIRST,1,25312.087499999998
B07WGPBXY9,"Pigeon by Stovekraft Quartz Electric Kettle (14299) 1.7 Litre with Stainless Steel Body, used for boiling Water, making tea and coffee, instant noodles, soup etc. 1500 Watt (Silver)",Home&Kitchen,899.0,28.0,17424,UNMATCHED,UNMATCHED,484.0,435116.0,21755.800000000003,QUALITY_FIRST,1,65267.399999999994
B08MZNT7GP,Havells OFR 13 Wave Fin with PTC Fan Heater 2900 Watts (Black),Home&Kitchen,12499.0,37.0,322,UNMATCHED,UNMATCHED,8.944444444444445,111796.61111111111,5589.830555555556,SOCIAL_PROOF,1,16769.491666666665
B00NH11PEY,"AmazonBasics USB 2.0 - A-Male to A-Female Extension Cable for Personal Computer, Printer (Black, 9.8 Feet/3 Meters)",Computers&Accessories,199.0,73.0,74976,DEAL_SEEKER,DEAL_SEEKER,2082.6666666666665,414450.6666666666,157491.25333333333,DEAL_SEEKER,0,0.0
B00NH11PEY,"AmazonBasics USB 2.0 - A-Male to A-Female Extension Cable for Personal Computer, Printer (Black, 9.8 Feet/3 Meters)",Computers&Accessories,199.0,73.0,74976,DEAL_SEEKER,DEAL_SEEKER,2082.6666666666665,414450.6666666666,157491.25333333333,DEAL_SEEKER,0,0.0
B0856HY85J,"boAt Rockerz 550 Over Ear Bluetooth Headphones with Upto 20 Hours Playback, 50MM Drivers, Soft Padded Ear Cushions and Physical Noise Isolation, Without Mic (Black)",Electronics,1799.0,64.0,55192,DEAL_SEEKER,DEAL_SEEKER,1533.111111111111,2758066.888888889,1048065.4177777779,DEAL_SEEKER,0,0.0
B09YV4RG4D,"Fire-Boltt Ninja 3 Smartwatch Full Touch 1.69 & 60 Sports Modes with IP68, Sp02 Tracking, Over 100 Cloud based watch faces - Black",Electronics,1499.0,81.0,22636,DEAL_SEEKER,DEAL_SEEKER,628.7777777777778,942537.888888889,358164.3977777778,DEAL_SEEKER,0,0.0
B09YV4RG4D,"Fire-Boltt Ninja 3 Smartwatch Full Touch 1.69 & 60 Sports Modes with IP68, Sp02 Tracking, Over 100 Cloud based watch faces - Black",Electronics,1499.0,81.0,22638,DEAL_SEEKER,DEAL_SEEKER,628.8333333333334,942621.1666666667,358196.0433333334,DEAL_SEEKER,0,0.0
B08HF4W2CT,"URBN 20000 mAh lithium_polymer Power Bank with 12 Watt Fast Charging, Camo",Electronics,1599.0,54.0,36384,DEAL_SEEKER,DEAL_SEEKER,1010.6666666666666,1616056.0,614101.28,DEAL_SEEKER,0,0.0
B07GXHC691,"STRIFF PS2_01 Multi Angle Mobile/Tablet Tabletop Stand. Phone Holder for iPhone, Android, Samsung, OnePlus, Xiaomi. Portable, Foldable Cell Phone Stand. Perfect for Bed, Office, Home & Desktop (Black)",Electronics,99.0,80.0,42641,DEAL_SEEKER,DEAL_SEEKER,1184.4722222222222,117262.75,44559.845,DEAL_SEEKER,0,0.0
B00LP9RFSU,"Eureka Forbes Aquasure Amrit Twin Cartridge (Pack of 2), White",Home&Kitchen,825.0,0.0,3246,UNMATCHED,UNMATCHED,90.16666666666667,74387.5,3719.375,QUALITY_FIRST,1,11158.125
B09C635BMM,Cotbolt Silicone Case Cover Compatible for Samsung BN59-01312A QLED 8K 4K Smart TV Remote Shockproof Protective Remote Cover (Black),Electronics,349.0,65.0,839,DEAL_SEEKER,DEAL_SEEKER,23.305555555555557,8133.63888888889,3090.782777777778,DEAL_SEEKER,0,0.0
B09NC2TY11,"Noise ColorFit Ultra Buzz Bluetooth Calling Smart Watch with 1.75"" HD Display, 320x385 px Resolution, 100 Sports Modes, Stock Market Info Smartwatch for Men & Women (Olive Green)",Electronics,2499.0,58.0,5852,DEAL_SEEKER,DEAL_SEEKER,162.55555555555554,406226.3333333333,154366.00666666665,DEAL_SEEKER,0,0.0
B09NTHQRW3,"InstaCuppa Portable Blender for Smoothie, Milk Shakes, Crushing Ice and Juices, USB Rechargeable Personal Blender Machine for Kitchen with 2000 mAh Rechargeable Battery, 150 Watt Motor, 400 ML",Home&Kitchen,1999.0,20.0,1034,UNMATCHED,UNMATCHED,28.72222222222222,57415.72222222222,2870.786111111111,QUALITY_FIRST,1,8612.358333333332
B0B1NX6JTN,Spigen Ultra Hybrid Back Cover Case Compatible with iPhone 14 Pro max (TPU + Poly Carbonate | Crystal Clear),Electronics,1599.0,38.0,1801,UNMATCHED,UNMATCHED,50.02777777777778,79994.41666666667,3999.7208333333338,SOCIAL_PROOF,1,11999.1625
B07TTSS5MP,Lifelong LLMG74 750 Watt Mixer Grinder with 3 Jars (White and Grey),Home&Kitchen,1799.0,45.0,1846,UNMATCHED,UNMATCHED,51.27777777777778,92248.72222222222,4612.436111111111,SOCIAL_PROOF,1,13837.308333333332
B0756K5DYZ,Prestige Iris 750 Watt Mixer Grinder with 3 Stainless Steel Jar + 1 Juicer Jar (White and Blue),Home&Kitchen,3249.0,48.0,43070,DEAL_SEEKER,DEAL_SEEKER,1196.388888888889,3887067.5,1477085.65,SOCIAL_PROOF,1,583060.125
B08TDJNM3G,"E-COSMOS 5V 1.2W Portable Flexible USB LED Light (Colors May Vary, Small) - Set of 2 Pieces",Computers&Accessories,59.0,0.0,5958,UNMATCHED,UNMATCHED,165.5,9764.5,488.225,QUALITY_FIRST,1,1464.675
B08FN6WGDQ,"Samsung Galaxy Buds Live Bluetooth Truly Wireless in Ear Earbuds with Mic, Upto 21 Hours Playtime, Mystic Black",Electronics,4790.0,70.0,4390,DEAL_SEEKER,DEAL_SEEKER,121.94444444444444,584113.8888888889,221963.27777777778,DEAL_SEEKER,0,0.0
B083RD1J99,"HP Wired Mouse 100 with 1600 DPI Optical Sensor, USB Plug-and -Play,ambidextrous Design, Built-in Scrolling and 3 Handy Buttons. 3-Years Warranty (6VY96AA)",Computers&Accessories,328.0,18.0,3441,UNMATCHED,UNMATCHED,95.58333333333333,31351.333333333332,1567.5666666666666,QUALITY_FIRST,1,4702.7
B09ZVJXN5L,"KNYUC MART Mini Electric Handy Room Heater Compact Plug-in, The Wall Outlet 400 Watts, Handy Air Warmer Blower Adjustable Timer Digital Display",Home&Kitchen,778.0,22.0,8,UNMATCHED,UNMATCHED,0.2222222222222222,172.88888888888889,8.644444444444444,QUALITY_FIRST,1,25.933333333333334
B0BCKJJN8R,Hindware Atlantic Xceed 5L 3kW Instant Water Heater with Copper Heating Element and High Grade Stainless Steel Tank,Home&Kitchen,3599.0,51.0,942,DEAL_SEEKER,DEAL_SEEKER,26.166666666666668,94173.83333333334,35786.05666666667,DEAL_SEEKER,0,0.0
B0B2DJDCPX,"SWAPKART Fast Charging Cable and Data Sync USB Cable Compatible for iPhone 6/6S/7/7+/8/8+/10/11, 12, 13 Pro max iPad Air/Mini, iPod and iOS Devices (White)",Computers&Accessories,209.0,58.0,536,DEAL_SEEKER,DEAL_SEEKER,14.88888888888889,3111.777777777778,1182.4755555555555,DEAL_SEEKER,0,0.0
B0B2DJDCPX,"SWAPKART Fast Charging Cable and Data Sync USB Cable Compatible for iPhone 6/6S/7/7+/8/8+/10/11, 12, 13 Pro max iPad Air/Mini, iPod and iOS Devices (White)",Computers&Accessories,209.0,58.0,536,DEAL_SEEKER,DEAL_SEEKER,14.88888888888889,3111.777777777778,1182.4755555555555,DEAL_SEEKER,0,0.0
B08Y1TFSP6,"pTron Solero TB301 3A Type-C Data and Fast Charging Cable, Made in India, 480Mbps Data Sync, Strong and Durable 1.5-Meter Nylon Braided USB Cable for Type-C Devices for Charging Adapter (Black)",Computers&Accessories,149.0,85.0,24871,DEAL_SEEKER,DEAL_SEEKER,690.8611111111111,102938.30555555555,39116.55611111111,DEAL_SEEKER,0,0.0
B08Y1TFSP6,"pTron Solero TB301 3A Type-C Data and Fast Charging Cable, Made in India, 480Mbps Data Sync, Strong and Durable 1.5-Meter Nylon Braided USB Cable for Type-C Devices for Charging Adapter (Black)",Computers&Accessories,149.0,85.0,24870,DEAL_SEEKER,DEAL_SEEKER,690.8333333333334,102934.16666666667,39114.98333333334,DEAL_SEEKER,0,0.0
B08Y1TFSP6,"pTron Solero TB301 3A Type-C Data and Fast Charging Cable, Made in India, 480Mbps Data Sync, Strong and Durable 1.5-Meter Nylon Braided USB Cable for Type-C Devices for Charging Adapter (Black)",Computers&Accessories,149.0,85.0,24870,DEAL_SEEKER,DEAL_SEEKER,690.8333333333334,102934.16666666667,39114.98333333334,DEAL_SEEKER,0,0.0
B00E3DVQFS,"Duracell Rechargeable AA 2500mAh Batteries, 4 Pcs",Electronics,879.0,21.0,31599,QUALITY_FIRST,QUALITY_FIRST,877.75,771542.25,192885.5625,QUALITY_FIRST,0,0.0
B09XJ1LM7R,7SEVEN® Compatible for Tata Sky Remote Original Set Top HD Box and Suitable for SD Tata Play setup Box Remote Control,Electronics,399.0,50.0,12,DEAL_SEEKER,DEAL_SEEKER,0.3333333333333333,133.0,50.54,SOCIAL_PROOF,1,19.95
B09BN2NPBD,"DIGITEK® (DRL-14C) Professional (31cm) Dual Temperature LED Ring Light with Tripod Stand & Mini Tripod for YouTube, Photo-Shoot, Video Shoot, Live Stream, Makeup, Vlogging & More",Electronics,1699.0,51.0,14371,DEAL_SEEKER,DEAL_SEEKER,399.19444444444446,678231.3611111111,257727.91722222223,DEAL_SEEKER,0,0.0
B08L5HMJVW,"SanDisk Ultra microSD UHS-I Card 32GB, 120MB/s R",Electronics,369.0,47.0,67259,DEAL_SEEKER,DEAL_SEEKER,1868.3055555555557,689404.75,261973.805,SOCIAL_PROOF,1,103410.7125
B08Y57TPDM,"Duracell CR2016 3V Lithium Coin Battery, 5 pcs, 2016 Coin Button Cell Battery, DL2016",Electronics,116.0,42.0,485,UNMATCHED,UNMATCHED,13.472222222222221,1562.7777777777776,78.13888888888889,SOCIAL_PROOF,1,234.41666666666663
B08K36NZSV,KONVIO NEER 10 Inch Spun Filter (PP SPUN) Cartridge Compatible for 10 Inch Pre-Filter Housing of Water Purifier | Pack of 4 Spun,Home&Kitchen,499.0,50.0,1436,DEAL_SEEKER,DEAL_SEEKER,39.888888888888886,19904.555555555555,7563.731111111111,SOCIAL_PROOF,1,2985.683333333333
B0148NPH9I,"Logitech K380 Wireless Multi-Device Keyboard for Windows, Apple iOS, Apple TV Android or Chrome, Bluetooth, Compact Space-Saving Design, PC/Mac/Laptop/Smartphone/Tablet (Dark Grey)",Computers&Accessories,2640.0,17.0,16146,QUALITY_FIRST,QUALITY_FIRST,448.5,1184040.0,296010.0,QUALITY_FIRST,0,0.0
B0B9BD2YL4,"KINGONE Wireless Charging Pencil (2nd Generation) for iPad with Magnetic and Tilt Sensitive, Palm Rejection, Compatible with Apple iPad Pro 11 inch 1/2/3/4, iPad Pro 12.9 Inch 3/4/5/6, iPad Air 4/5, mini6",Electronics,2599.0,63.0,1526,DEAL_SEEKER,DEAL_SEEKER,42.388888888888886,110168.72222222222,41864.11444444444,DEAL_SEEKER,0,0.0
B0B9BD2YL4,"KINGONE Wireless Charging Pencil (2nd Generation) for iPad with Magnetic and Tilt Sensitive, Palm Rejection, Compatible with Apple iPad Pro 11 inch 1/2/3/4, iPad Pro 12.9 Inch 3/4/5/6, iPad Air 4/5, mini6",Electronics,2599.0,63.0,1526,DEAL_SEEKER,DEAL_SEEKER,42.388888888888886,110168.72222222222,41864.11444444444,DEAL_SEEKER,0,0.0
B07B275VN9,"Airtel DigitalTV DTH Television, Setup Box Remote Compatible for SD and HD Recording (Black)",Electronics,179.0,78.0,2201,UNMATCHED,UNMATCHED,61.138888888888886,10943.861111111111,547.1930555555556,DEAL_SEEKER,1,1641.5791666666667
B00N1U7JXM,"3M Post-it Sticky Note Cube, 200 Sheets (4 Colors x 50 Sheets) | 3"" x 3"" Size | For notes, reminders, study, school and organizing",OfficeProducts,90.0,49.0,7429,DEAL_SEEKER,DEAL_SEEKER,206.36111111111111,18572.5,7057.55,SOCIAL_PROOF,1,2785.875
B09ZDVL7L8,"TTK Prestige Limited Orion Mixer Grinder 500 Watts, 3 Jars (1200ml, 1000ml, 500ml) (Red)",Home&Kitchen,2199.0,44.0,1085,UNMATCHED,UNMATCHED,30.13888888888889,66275.41666666667,3313.770833333334,SOCIAL_PROOF,1,9941.3125
B08CFCK6CW,"Boult Audio Truebuds with 30H Playtime, IPX7 Waterproof, Lightning Boult™ Type C Fast Charging (10 Min=100Mins), BoomX™ Tech Rich Bass, Pro+ Calling HD Mic, Touch Controls in Ear Earbuds TWS (Grey)",Electronics,1199.0,85.0,25910,UNMATCHED,UNMATCHED,719.7222222222222,862946.9444444444,43147.34722222222,DEAL_SEEKER,1,129442.04166666666
B07LFWP97N,"Gizga Essentials Laptop Bag Sleeve Case Cover Pouch with Handle for 14.1 Inch Laptop for Men & Women, Padded Laptop Compartment, Premium Zipper Closure, Water Repellent Nylon Fabric, Grey",Computers&Accessories,269.0,76.0,1092,DEAL_SEEKER,DEAL_SEEKER,30.333333333333332,8159.666666666666,3100.673333333333,DEAL_SEEKER,0,0.0
B09YV575RK,"Fire-Boltt Ring Pro Bluetooth Calling, 1.75” 320*385px High Res, IP68 & SpO2 Monitoring, Pin Code Locking Functionality & Split Screen Access, Built in Mic & Speaker for HD Calls, Black, Free Size",Electronics,2499.0,75.0,9090,DEAL_SEEKER,DEAL_SEEKER,252.5,630997.5,239779.05,DEAL_SEEKER,0,0.0
B08HQL67D6,OFIXO Multi-Purpose Laptop Table/Study Table/Bed Table/Foldable and Portable Wooden/Writing Desk (Wooden),Computers&Accessories,599.0,0.0,26423,SOCIAL_PROOF,SOCIAL_PROOF,733.9722222222222,439649.36111111107,96722.85944444443,QUALITY_FIRST,1,65947.40416666666
B07F1T31ZZ,"Raffles Premium Stainless Steel South Indian Coffee Filter/Drip Coffee Maker, 2-3 Cups, 150 ml",Home&Kitchen,249.0,38.0,693,UNMATCHED,UNMATCHED,19.25,4793.25,239.66250000000002,SOCIAL_PROOF,1,718.9875
B08VGM3YMF,"Heart Home Waterproof Round Non Wovan Laundry Bag/Hamper|Metalic Printed With Handles|Foldable Bin & 45 Liter Capicity|Size 37 x 37 x 49, Pack of 1 (Grey & Black)-HEARTXY11447",Home&Kitchen,199.0,60.0,1996,DEAL_SEEKER,DEAL_SEEKER,55.44444444444444,11033.444444444443,4192.708888888888,DEAL_SEEKER,0,0.0
B09ZQK9X8G,"Noise ColorFit Pro 4 Advanced Bluetooth Calling Smart Watch with 1.72"" TruView Display, Fully-Functional Digital Crown, 311 PPI, 60Hz Refresh Rate, 500 NITS Brightness (Charcoal Black)",Electronics,2998.0,50.0,5179,DEAL_SEEKER,DEAL_SEEKER,143.86111111111111,431295.6111111111,163892.33222222223,SOCIAL_PROOF,1,64694.34166666667
B09ZQK9X8G,"Noise ColorFit Pro 4 Advanced Bluetooth Calling Smart Watch with 1.72"" TruView Display, Fully-Functional Digital Crown, 311 PPI, 60Hz Refresh Rate, 500 NITS Brightness (Charcoal Black)",Electronics,2998.0,50.0,5179,DEAL_SEEKER,DEAL_SEEKER,143.86111111111111,431295.6111111111,163892.33222222223,SOCIAL_PROOF,1,64694.34166666667
B09LHXNZLR,"Skadioo WiFi Adapter for pc | Car Accessories, WiFi Dongle for pc | USB WiFi Adapter for pc | Wi-Fi Receiver 2.4GHz, 802.11b/g/n UNano Size WiFi Dongle Compatible Adapter,WiFi dongle for pc",Computers&Accessories,199.0,60.0,612,UNMATCHED,UNMATCHED,17.0,3383.0,169.15,DEAL_SEEKER,1,507.45
B08LT9BMPP,"Logitech G102 USB Light Sync Gaming Mouse with Customizable RGB Lighting, 6 Programmable Buttons, Gaming Grade Sensor, 8K DPI Tracking, 16.8mn Color, Light Weight - Black",Computers&Accessories,1495.0,25.0,10541,QUALITY_FIRST,QUALITY_FIRST,292.80555555555554,437744.30555555556,109436.07638888889,QUALITY_FIRST,0,0.0
B09PNR6F8Q,"realme 10W Fast Charging Micro-USB Cable (Braided, Black)",Computers&Accessories,249.0,38.0,6558,UNMATCHED,UNMATCHED,182.16666666666666,45359.5,2267.975,SOCIAL_PROOF,1,6803.925
B0B9RN5X8B,V-Guard Zio Instant Water Geyser | 3 Litre | 3000 W Heating | White-Blue | | 2 Year Warranty,Home&Kitchen,2699.0,43.0,1296,UNMATCHED,UNMATCHED,36.0,97164.0,4858.2,SOCIAL_PROOF,1,14574.6
B08SMJT55F,"boAt Stone 250 Portable Wireless Speaker with 5W RMS Immersive Audio, RGB LEDs, Up to 8HRS Playtime, IPX7 Water Resistance, Multi-Compatibility Modes(Black)",Electronics,1199.0,70.0,2908,DEAL_SEEKER,DEAL_SEEKER,80.77777777777777,96852.55555555555,36803.97111111111,DEAL_SEEKER,0,0.0
B012ELCYUG,"Preethi MGA-502 0.4-Litre Grind and Store Jar (White), stainless steel, Set of 1",Home&Kitchen,635.0,0.0,4570,QUALITY_FIRST,QUALITY_FIRST,126.94444444444444,80609.72222222222,20152.430555555555,QUALITY_FIRST,0,0.0
B094JNXNPV,"Ambrane Unbreakable 3 in 1 Fast Charging Braided Multipurpose Cable for Speaker with 2.1 A Speed - 1.25 meter, Black",Computers&Accessories,299.0,25.0,2766,UNMATCHED,UNMATCHED,76.83333333333333,22973.166666666664,1148.6583333333333,QUALITY_FIRST,1,3445.9749999999995
B094JNXNPV,"Ambrane Unbreakable 3 in 1 Fast Charging Braided Multipurpose Cable for Speaker with 2.1 A Speed - 1.25 meter, Black",Computers&Accessories,299.0,25.0,2766,UNMATCHED,UNMATCHED,76.83333333333333,22973.166666666664,1148.6583333333333,QUALITY_FIRST,1,3445.9749999999995
B08CF3D7QR,Portronics Konnect L POR-1081 Fast Charging 3A Type-C Cable 1.2Meter with Charge & Sync Function for All Type-C Devices (Grey),Computers&Accessories,154.0,55.0,13391,DEAL_SEEKER,DEAL_SEEKER,371.97222222222223,57283.722222222226,21767.814444444448,DEAL_SEEKER,0,0.0
B08CF3D7QR,Portronics Konnect L POR-1081 Fast Charging 3A Type-C Cable 1.2Meter with Charge & Sync Function for All Type-C Devices (Grey),Computers&Accessories,154.0,55.0,13391,DEAL_SEEKER,DEAL_SEEKER,371.97222222222223,57283.722222222226,21767.814444444448,DEAL_SEEKER,0,0.0
B08CF3D7QR,Portronics Konnect L POR-1081 Fast Charging 3A Type-C Cable 1.2Meter with Charge & Sync Function for All Type-C Devices (Grey),Computers&Accessories,154.0,55.0,13391,DEAL_SEEKER,DEAL_SEEKER,371.97222222222223,57283.722222222226,21767.814444444448,DEAL_SEEKER,0,0.0
B09L8DSSFH,7SEVEN® Compatible for Samsung Smart 4K Ultra HD TV Monitor Remote Control Replacement of Original Samsung TV Remote for LED OLED UHD QLED and Suitable for 6 7 8 Series Samsung TV with Hot Keys BN59-01259E,Electronics,399.0,60.0,493,UNMATCHED,UNMATCHED,13.694444444444445,5464.083333333333,273.20416666666665,DEAL_SEEKER,1,819.6125
B0B5B6PQCT,"boAt Wave Call Smart Watch, Smart Talk with Advanced Dedicated Bluetooth Calling Chip, 1.69” HD Display with 550 NITS & 70% Color Gamut, 150+ Watch Faces, Multi-Sport Modes,HR,SpO2, IP68(Active Black)",Electronics,1999.0,75.0,17831,DEAL_SEEKER,DEAL_SEEKER,495.30555555555554,990115.8055555555,376244.0061111111,DEAL_SEEKER,0,0.0
B0B5B6PQCT,"boAt Wave Call Smart Watch, Smart Talk with Advanced Dedicated Bluetooth Calling Chip, 1.69” HD Display with 550 NITS & 70% Color Gamut, 150+ Watch Faces, Multi-Sport Modes,HR,SpO2, IP68(Active Black)",Electronics,1799.0,77.0,17833,DEAL_SEEKER,DEAL_SEEKER,495.3611111111111,891154.6388888889,338638.7627777778,DEAL_SEEKER,0,0.0
B09JN37WBX,Lint Remover Woolen Clothes Lint Extractor Battery Lint Removing Machine Bhur Remover,Home&Kitchen,319.0,57.0,124,DEAL_SEEKER,DEAL_SEEKER,3.4444444444444446,1098.7777777777778,417.53555555555556,DEAL_SEEKER,0,0.0
B09Q5SWVBJ,OnePlus 80 cm (32 inches) Y Series HD Ready Smart Android LED TV 32 Y1S (Black),Electronics,15999.0,27.0,34899,SOCIAL_PROOF,SOCIAL_PROOF,969.4166666666666,15509697.25,3412133.395,QUALITY_FIRST,1,2326454.5875
B08TGG316Z,"10k 8k 4k HDMI Cable, Certified 48Gbps 1ms Ultra High Speed HDMI 2.1 Cable 4k 120Hz 144Hz 2k 165Hz 8k 60Hz Dynamic HDR ARC eARC DTS:X Compatible for Mac Gaming PC Soundbar TV Monitor Laptop PS5 4 Xbox",Electronics,999.0,58.0,3664,DEAL_SEEKER,DEAL_SEEKER,101.77777777777777,101676.0,38636.88,DEAL_SEEKER,0,0.0
B09FKDH6FS,"realme narzo 50i (Mint Green, 2GB RAM+32GB Storage) Octa Core Processor | 6.5"" inch Large Display",Electronics,7499.0,6.0,30907,SOCIAL_PROOF,SOCIAL_PROOF,858.5277777777778,6438099.805555556,1416381.9572222224,QUALITY_FIRST,1,965714.9708333333
B09YV463SW,"Fire-Boltt Ninja 3 Smartwatch Full Touch 1.69 "" & 60 Sports Modes with IP68, Sp02 Tracking, Over 100 Cloud based watch faces ( Silver )",Electronics,1499.0,85.0,22638,DEAL_SEEKER,DEAL_SEEKER,628.8333333333334,942621.1666666667,358196.0433333334,DEAL_SEEKER,0,0.0
B07DJ5KYDZ,Lenovo GX20L29764 65W Laptop Adapter/Charger with Power Cord for Select Models of Lenovo (Round pin) (Black),Computers&Accessories,1249.0,55.0,4598,DEAL_SEEKER,DEAL_SEEKER,127.72222222222223,159525.05555555556,60619.52111111111,DEAL_SEEKER,0,0.0
B07S9M8YTY,"Usha Aurora 1000 W Dry Iron with Innovative Tail Light Indicator, Weilburger Soleplate (White & Grey)",Home&Kitchen,717.0,48.0,4867,DEAL_SEEKER,DEAL_SEEKER,135.19444444444446,96934.41666666667,36835.07833333334,SOCIAL_PROOF,1,14540.1625
B09RKFBCV7,"Fire-Boltt Ninja Calling 1.69"" Bluetooth Calling Smart Watch, Dial Pad, Speaker, AI Voice Assistant with 450 NITS Peak Brightness, Wrist Gaming & 100+ Watch Faces with SpO2, HR, Multiple Sports Mode",Electronics,1999.0,75.0,31305,DEAL_SEEKER,DEAL_SEEKER,869.5833333333334,1738297.0833333335,660552.8916666667,DEAL_SEEKER,0,0.0
B07SY4C3TD,HP GT 53 XL Cartridge Ink,Computers&Accessories,596.0,18.0,3219,QUALITY_FIRST,QUALITY_FIRST,89.41666666666667,53292.333333333336,13323.083333333334,QUALITY_FIRST,0,0.0
B09NHVCHS9,Flix Micro Usb Cable For Smartphone (Black),Computers&Accessories,59.0,70.0,9378,DEAL_SEEKER,DEAL_SEEKER,260.5,15369.5,5840.41,DEAL_SEEKER,0,0.0
B09NHVCHS9,Flix Micro Usb Cable For Smartphone (Black),Computers&Accessories,59.0,70.0,9377,DEAL_SEEKER,DEAL_SEEKER,260.47222222222223,15367.861111111111,5839.787222222222,DEAL_SEEKER,0,0.0
B09NHVCHS9,Flix Micro Usb Cable For Smartphone (Black),Computers&Accessories,59.0,70.0,9377,DEAL_SEEKER,DEAL_SEEKER,260.47222222222223,15367.861111111111,5839.787222222222,DEAL_SEEKER,0,0.0
B0BP18W8TM,"Fire-Boltt Gladiator 1.96"" Biggest Display Smart Watch with Bluetooth Calling, Voice Assistant &123 Sports Modes, 8 Unique UI Interactions, SpO2, 24/7 Heart Rate Tracking",Electronics,3999.0,60.0,73,DEAL_SEEKER,DEAL_SEEKER,2.0277777777777777,8109.083333333333,3081.4516666666664,DEAL_SEEKER,0,0.0
B0746JGVDS,"ELV Car Mount Adjustable Car Phone Holder Universal Long Arm, Windshield for Smartphones - Black",Electronics,349.0,65.0,46399,DEAL_SEEKER,DEAL_SEEKER,1288.861111111111,449812.52777777775,170928.76055555555,DEAL_SEEKER,0,0.0
B09MQSCJQ1,"boAt Xtend Smartwatch with Alexa Built-in, 1.69” HD Display, Multiple Watch Faces, Stress Monitor, Heart & SpO2 Monitoring, 14 Sports Modes, Sleep Monitor, 5 ATM & 7 Days Battery(Charcoal Black)",Electronics,2299.0,71.0,69622,DEAL_SEEKER,DEAL_SEEKER,1933.9444444444443,4446138.277777778,1689532.5455555557,DEAL_SEEKER,0,0.0
B09MQSCJQ1,"boAt Xtend Smartwatch with Alexa Built-in, 1.69” HD Display, Multiple Watch Faces, Stress Monitor, Heart & SpO2 Monitoring, 14 Sports Modes, Sleep Monitor, 5 ATM & 7 Days Battery(Charcoal Black)",Electronics,2299.0,71.0,69619,DEAL_SEEKER,DEAL_SEEKER,1933.861111111111,4445946.694444444,1689459.7438888887,DEAL_SEEKER,0,0.0
B09GFM8CGS,"Redmi 9A Sport (Carbon Black, 2GB RAM, 32GB Storage) | 2GHz Octa-core Helio G25 Processor | 5000 mAh Battery",Electronics,6499.0,19.0,313832,SOCIAL_PROOF,SOCIAL_PROOF,8717.555555555555,56655393.55555555,12464186.582222221,QUALITY_FIRST,1,8498309.033333333
B06XSK3XL6,boAt Dual Port Rapid Car Charger (Qualcomm Certified) with Quick Charge 3.0 + Free Micro USB Cable - (Black),Electronics,571.0,43.0,38221,SOCIAL_PROOF,SOCIAL_PROOF,1061.6944444444443,606227.5277777778,133370.0561111111,SOCIAL_PROOF,0,0.0
B09MT84WV5,"Samsung EVO Plus 128GB microSDXC UHS-I U3 130MB/s Full HD & 4K UHD Memory Card with Adapter (MB-MC128KA), Blue",Electronics,1149.0,71.0,140036,DEAL_SEEKER,DEAL_SEEKER,3889.8888888888887,4469482.333333333,1698403.2866666666,DEAL_SEEKER,0,0.0
B09MT84WV5,"Samsung EVO Plus 128GB microSDXC UHS-I U3 130MB/s Full HD & 4K UHD Memory Card with Adapter (MB-MC128KA), Blue",Electronics,1059.0,74.0,140035,DEAL_SEEKER,DEAL_SEEKER,3889.8611111111113,4119362.916666667,1565357.9083333334,DEAL_SEEKER,0,0.0
B0B9XLX8VR,VU 139 cm (55 inches) The GloLED Series 4K Smart LED Google TV 55GloLED (Grey),Electronics,37999.0,42.0,3587,UNMATCHED,UNMATCHED,99.63888888888889,3786178.138888889,189308.90694444446,SOCIAL_PROOF,1,567926.7208333333
B08J7VCT12,"KENT 16068 Zoom Vacuum Cleaner for Home and Car 130 W | Cordless, Hoseless, Rechargeable HEPA Filters Vacuum Cleaner with Cyclonic Technology | Bagless Design and Multi Nozzle Operation | Blue",Home&Kitchen,6999.0,53.0,1728,DEAL_SEEKER,DEAL_SEEKER,48.0,335952.0,127661.76,DEAL_SEEKER,0,0.0
B0B3MWYCHQ,"Fire-Boltt Ring 3 Smart Watch 1.8 Biggest Display with Advanced Bluetooth Calling Chip, Voice Assistance,118 Sports Modes, in Built Calculator & Games, SpO2, Heart Rate Monitoring",Electronics,2999.0,70.0,20879,DEAL_SEEKER,DEAL_SEEKER,579.9722222222222,1739336.6944444443,660947.9438888888,DEAL_SEEKER,0,0.0
B0B3MWYCHQ,"Fire-Boltt Ring 3 Smart Watch 1.8 Biggest Display with Advanced Bluetooth Calling Chip, Voice Assistance,118 Sports Modes, in Built Calculator & Games, SpO2, Heart Rate Monitoring",Electronics,2999.0,70.0,20881,DEAL_SEEKER,DEAL_SEEKER,580.0277777777778,1739503.3055555557,661011.2561111111,DEAL_SEEKER,0,0.0
B0765B3TH7,"Gizga Essentials Hard Drive Case Shell, 6.35cm/2.5-inch, Portable Storage Organizer Bag for Earphone USB Cable Power Bank Mobile Charger Digital Gadget Hard Disk, Water Resistance Material, Black",Computers&Accessories,199.0,67.0,13568,DEAL_SEEKER,DEAL_SEEKER,376.8888888888889,75000.88888888889,28500.33777777778,DEAL_SEEKER,0,0.0
B08243SKCK,"Vedini Transparent Empty Refillable Reusable Fine Mist Spray Bottle for Perfume, Travel with DIY Sticker Set ( 100ml, Pack of 4)",Home&Kitchen,189.0,37.0,2737,UNMATCHED,UNMATCHED,76.02777777777777,14369.249999999998,718.4625,SOCIAL_PROOF,1,2155.3875
B09MKP344P,"Tecno Spark 8T (Turquoise Cyan, 4GB RAM,64GB Storage) | 50MP AI Camera | 7GB Expandable RAM",Electronics,8499.0,35.0,6662,UNMATCHED,UNMATCHED,185.05555555555554,1572787.1666666665,78639.35833333332,SOCIAL_PROOF,1,235918.07499999998
B00F159RIK,"Bajaj DX-2 600W Dry Iron with Advance Soleplate and Anti-bacterial German Coating Technology, Black",Home&Kitchen,499.0,20.0,5355,UNMATCHED,UNMATCHED,148.75,74226.25,3711.3125,QUALITY_FIRST,1,11133.9375
B085DTN6R2,"Portronics Konnect CL 20W POR-1067 Type-C to 8 Pin USB 1.2M Cable with Power Delivery & 3A Quick Charge Support, Nylon Braided for All Type-C and 8 Pin Devices, Green",Computers&Accessories,350.0,61.0,2262,DEAL_SEEKER,DEAL_SEEKER,62.833333333333336,21991.666666666668,8356.833333333334,DEAL_SEEKER,0,0.0
B085DTN6R2,"Portronics Konnect CL 20W POR-1067 Type-C to 8 Pin USB 1.2M Cable with Power Delivery & 3A Quick Charge Support, Nylon Braided for All Type-C and 8 Pin Devices, Green",Computers&Accessories,350.0,61.0,2263,DEAL_SEEKER,DEAL_SEEKER,62.861111111111114,22001.38888888889,8360.52777777778,DEAL_SEEKER,0,0.0
B085DTN6R2,"Portronics Konnect CL 20W POR-1067 Type-C to 8 Pin USB 1.2M Cable with Power Delivery & 3A Quick Charge Support, Nylon Braided for All Type-C and 8 Pin Devices, Green",Computers&Accessories,350.0,61.0,2262,DEAL_SEEKER,DEAL_SEEKER,62.833333333333336,21991.666666666668,8356.833333333334,DEAL_SEEKER,0,0.0
B08ZXZ362Z,"akiara - Makes life easy Mini Sewing Machine for Home Tailoring use | Mini Silai Machine with Sewing Kit Set Sewing Box with Thread Scissors, Needle All in One Sewing Accessories (White & Purple)",Home&Kitchen,1563.0,50.0,2283,UNMATCHED,UNMATCHED,63.416666666666664,99120.25,4956.012500000001,SOCIAL_PROOF,1,14868.037499999999
B00LZLQ624,"Classmate Soft Cover 6 Subject Spiral Binding Notebook, Single Line, 300 Pages",OfficeProducts,157.0,2.0,8618,QUALITY_FIRST,QUALITY_FIRST,239.38888888888889,37584.055555555555,9396.013888888889,QUALITY_FIRST,0,0.0
B09MB3DKG1,"KHAITAN AVAANTE KA-2013 1200 Watt 3-Rod Halogen Heater (1200 Watts, Grey)",Home&Kitchen,2199.0,45.0,340,UNMATCHED,UNMATCHED,9.444444444444445,20768.333333333332,1038.4166666666667,SOCIAL_PROOF,1,3115.2499999999995
B088ZTJT2R,Havells Immersion HB15 1500 Watt (White Blue),Home&Kitchen,719.0,44.0,17218,SOCIAL_PROOF,SOCIAL_PROOF,478.27777777777777,343881.7222222222,75653.97888888889,SOCIAL_PROOF,0,0.0
B0BGSV43WY,"Noise ColorFit Pro 4 Alpha Bluetooth Calling Smart Watch with 1.78 AMOLED Display, Tru Sync, 60hz Refresh Rate, instacharge, Gesture Control, Functional 360 Digital Crown (Jet Black)",Electronics,4499.0,44.0,37,UNMATCHED,UNMATCHED,1.0277777777777777,4623.972222222222,231.1986111111111,SOCIAL_PROOF,1,693.5958333333332
B0B4F2ZWL3,"Samsung Galaxy M13 (Stardust Brown, 6GB, 128GB Storage) | 6000mAh Battery | Upto 12GB RAM with RAM Plus",Electronics,12999.0,28.0,18998,UNMATCHED,UNMATCHED,527.7222222222222,6859861.166666666,342993.05833333335,QUALITY_FIRST,1,1028979.1749999998
B09F3PDDRF,"Lapster USB 3.0 sata Cable for 2.5 inch SSD and HDD , USB 3.0 to SATA III Hard Driver Adapter , sata to USB Cable-(Blue)",Computers&Accessories,349.0,65.0,817,DEAL_SEEKER,DEAL_SEEKER,22.694444444444443,7920.36111111111,3009.737222222222,DEAL_SEEKER,0,0.0
B09C6H53KH,"Duracell Type-C To Micro 1.2M braided Sync & Charge Cable, USB C to Micro Fast Charge Compatible for fast data transmission (Black)",Computers&Accessories,368.0,47.0,387,DEAL_SEEKER,DEAL_SEEKER,10.75,3956.0,1503.28,SOCIAL_PROOF,1,593.4
B08WKCTFF3,"ZEBRONICS Aluminium Alloy Laptop Stand, Compatible with 9-15.6 inch Laptops, 7 Angles Adjustable, Anti Slip Silicon Rubber Pads, Foldable, Velvet Pouch Inside, Zeb-NS2000 (Dark Grey)",Computers&Accessories,899.0,55.0,1667,DEAL_SEEKER,DEAL_SEEKER,46.30555555555556,41628.694444444445,15818.90388888889,DEAL_SEEKER,0,0.0
B095PWLLY6,Crompton Hill Briz Deco 1200mm (48 inch) High Speed Designer Ceiling Fan (Smoked Brown),Home&Kitchen,1804.0,24.0,15382,SOCIAL_PROOF,SOCIAL_PROOF,427.27777777777777,770809.1111111111,169578.00444444444,QUALITY_FIRST,1,115621.36666666667
B07DKZCZ89,"Gizga Essentials Earphone Carrying Case, Multi-Purpose Pocket Storage Travel Organizer for Earphones, Headset, Pen Drives, SD Cards, Shock-Proof Ballistic Nylon, Soft Fabric, Mesh Pocket, Green",Electronics,119.0,76.0,15032,DEAL_SEEKER,DEAL_SEEKER,417.55555555555554,49689.11111111111,18881.862222222222,DEAL_SEEKER,0,0.0
B08R69WBN7,"Pinnaclz Original Combo of 2 USB Type C Fast Charging Cable, USB C Data Cable for Charging and Data Transfer Smart Phones White 1.2 Meter Made in India (Pack of 2)",Computers&Accessories,149.0,70.0,7732,DEAL_SEEKER,DEAL_SEEKER,214.77777777777777,32001.888888888887,12160.717777777778,DEAL_SEEKER,0,0.0
B0B4F4QZ1H,"Samsung Galaxy M13 5G (Stardust Brown, 6GB, 128GB Storage) | 5000mAh Battery | Upto 12GB RAM with RAM Plus",Electronics,13999.0,28.0,18998,UNMATCHED,UNMATCHED,527.7222222222222,7387583.388888888,369379.1694444444,QUALITY_FIRST,1,1108137.508333333
B07J9KXQCC,"Libra Room Heater for Home, Room Heaters Home for Winter, Electric Heater with 2000 Watts Power as per IS Specification for Small to Medium Rooms - FH12 (Grey)",Home&Kitchen,949.0,59.0,550,UNMATCHED,UNMATCHED,15.277777777777779,14498.611111111111,724.9305555555557,DEAL_SEEKER,1,2174.7916666666665
B08N6P8G5K,"INALSA Air Fryer Digital 4L Nutri Fry - 1400W with Smart AirCrisp Technology| 8-Preset Menu, Touch Control & Digital Display|Variable Temperature & Timer Control|Free Recipe book|2 Yr Warranty (Black)",Home&Kitchen,6790.0,38.0,3192,UNMATCHED,UNMATCHED,88.66666666666667,602046.6666666667,30102.33333333334,SOCIAL_PROOF,1,90307.00000000001
B09Q8HMKZX,"Portronics Konnect L 20W PD Quick Charge Type-C to 8-Pin USB Mobile Charging Cable, 1.2M, Tangle Resistant, Fast Data Sync(Grey)",Computers&Accessories,263.0,62.0,450,DEAL_SEEKER,DEAL_SEEKER,12.5,3287.5,1249.25,DEAL_SEEKER,0,0.0
B09Q8HMKZX,"Portronics Konnect L 20W PD Quick Charge Type-C to 8-Pin USB Mobile Charging Cable, 1.2M, Tangle Resistant, Fast Data Sync(Grey)",Computers&Accessories,263.0,62.0,450,DEAL_SEEKER,DEAL_SEEKER,12.5,3287.5,1249.25,DEAL_SEEKER,0,0.0
B09QS8V5N8,"Redmi Note 11 (Space Black, 4GB RAM, 64GB Storage)|90Hz FHD+ AMOLED Display | Qualcomm® Snapdragon™ 680-6nm | 33W Charger Included",Electronics,12999.0,28.0,50772,SOCIAL_PROOF,SOCIAL_PROOF,1410.3333333333333,18332923.0,4033243.06,QUALITY_FIRST,1,2749938.4499999997
B0974G5Q2Y,"boAt Laptop, Smartphone Type-c A400 Male Data Cable (Carbon Black)",Computers&Accessories,273.1,73.0,20850,DEAL_SEEKER,DEAL_SEEKER,579.1666666666666,158170.41666666666,60104.75833333333,DEAL_SEEKER,0,0.0
B07BKSSDR2,Dr Trust Electronic Kitchen Digital Scale Weighing Machine (Blue),Health&PersonalCare,899.0,53.0,3663,DEAL_SEEKER,DEAL_SEEKER,101.75,91473.25,34759.835,DEAL_SEEKER,0,0.0
B08XXF5V6G,Kodak 139 cm (55 inches) 4K Ultra HD Smart LED TV 55CA0909 (Black),Electronics,29999.0,41.0,1712,UNMATCHED,UNMATCHED,47.55555555555556,1426619.1111111112,71330.95555555557,SOCIAL_PROOF,1,213992.86666666667
B07WHQWXL7,"iQOO Z6 44W by vivo (Lumina Blue, 6GB RAM, 128GB Storage) | 6.44"" FHD+ AMOLED Display | 50% Charge in just 27 mins | in-Display Fingerprint Scanning",Electronics,15499.0,26.0,19252,UNMATCHED,UNMATCHED,534.7777777777778,8288520.777777779,414426.03888888896,QUALITY_FIRST,1,1243278.1166666667
B00935MD1C,"Prestige PRWO 1.8-2 700-Watts Delight Electric Rice Cooker with 2 Aluminium Cooking Pans - 1.8 Liters, White",Home&Kitchen,2719.0,31.0,13406,UNMATCHED,UNMATCHED,372.3888888888889,1012525.388888889,50626.26944444445,SOCIAL_PROOF,1,151878.80833333335
B08L5FM4JC,"SanDisk Ultra microSD UHS-I Card 64GB, 120MB/s R",Electronics,649.0,73.0,67260,DEAL_SEEKER,DEAL_SEEKER,1868.3333333333333,1212548.3333333333,460768.36666666664,DEAL_SEEKER,0,0.0
B07WFPMGQQ,"iQOO Z6 Pro 5G by vivo (Legion Sky, 6GB RAM, 128GB Storage) | Snapdragon 778G 5G | 66W FlashCharge | 1300 nits Peak Brightness | HDR10+",Electronics,19999.0,29.0,9499,QUALITY_FIRST,QUALITY_FIRST,263.8611111111111,5276958.361111111,1319239.5902777778,QUALITY_FIRST,0,0.0
B08N1WL9XW,"FLiX (Beetel) 3in1 (Type C|Micro|Iphone Lightening) Textured Pattern 3A Fast Charging Cable with QC & PD Support for Type C,Micro USB & Lightning Iphone Cable,Made in India,1.5 Meter Long Cable(T101)",Computers&Accessories,182.0,70.0,9378,DEAL_SEEKER,DEAL_SEEKER,260.5,47411.0,18016.18,DEAL_SEEKER,0,0.0
B08GJ57MKL,"Coway Professional Air Purifier for Home, Longest Filter Life 8500 Hrs, Green True HEPA Filter, Traps 99.99% Virus & PM 0.1 Particles, Warranty 7 Years (AirMega 150 (AP-1019C))",Home&Kitchen,14400.0,76.0,3837,DEAL_SEEKER,DEAL_SEEKER,106.58333333333333,1534800.0,583224.0,DEAL_SEEKER,0,0.0
B00LHZWD0C,"Luxor 5 Subject Single Ruled Notebook - A4, 70 GSM, 300 pages",OfficeProducts,252.0,20.0,3785,QUALITY_FIRST,QUALITY_FIRST,105.13888888888889,26495.0,6623.75,QUALITY_FIRST,0,0.0
B0BBFJLP21,"Redmi 11 Prime 5G (Thunder Black, 4GB RAM, 64GB Storage) | Prime Design | MTK Dimensity 700 | 50 MP Dual Cam | 5000mAh | 7 Band 5G",Electronics,13999.0,13.0,2180,UNMATCHED,UNMATCHED,60.55555555555556,847717.2222222222,42385.86111111112,QUALITY_FIRST,1,127157.58333333333
B0B15CPR37,Samsung 108 cm (43 inches) Crystal 4K Neo Series Ultra HD Smart LED TV UA43AUE65AKXXL (Black),Electronics,32990.0,31.0,7109,QUALITY_FIRST,QUALITY_FIRST,197.47222222222223,6514608.611111111,1628652.1527777778,SOCIAL_PROOF,1,977191.2916666666
B0B4F5L738,"Samsung Galaxy M13 5G (Aqua Green, 6GB, 128GB Storage) | 5000mAh Battery | Upto 12GB RAM with RAM Plus",Electronics,13999.0,28.0,18998,UNMATCHED,UNMATCHED,527.7222222222222,7387583.388888888,369379.1694444444,QUALITY_FIRST,1,1108137.508333333
B07XJYYH7L,"Wecool Nylon Braided Multifunction Fast Charging Cable For Android Smartphone, Ios And Type C Usb Devices, 3 In 1 Charging Cable, 3A, (3 Feet) (Black)",Computers&Accessories,333.0,67.0,9792,UNMATCHED,UNMATCHED,272.0,90576.0,4528.8,DEAL_SEEKER,1,13586.4
B07XJYYH7L,"Wecool Nylon Braided Multifunction Fast Charging Cable For Android Smartphone, Ios And Type C Usb Devices, 3 In 1 Charging Cable, 3A, (3 Feet) (Black)",Computers&Accessories,333.0,67.0,9792,UNMATCHED,UNMATCHED,272.0,90576.0,4528.8,DEAL_SEEKER,1,13586.4
B09Q3M3WLJ,Robustrion [Anti-Scratch] & [Smudge Proof] [Bubble Free] Premium Tempered Glass Screen Protector Guard for Samsung Galaxy Tab A8 10.5 inch [SM-X200/X205/X207] 2022,Computers&Accessories,399.0,73.0,691,DEAL_SEEKER,DEAL_SEEKER,19.194444444444443,7658.583333333333,2910.2616666666668,DEAL_SEEKER,0,0.0
B077Z65HSD,"boAt A400 USB Type-C to USB-A 2.0 Male Data Cable, 2 Meter (Black)",Computers&Accessories,299.0,70.0,20850,DEAL_SEEKER,DEAL_SEEKER,579.1666666666666,173170.8333333333,65804.91666666666,DEAL_SEEKER,0,0.0
B077Z65HSD,"boAt A400 USB Type-C to USB-A 2.0 Male Data Cable, 2 Meter (Black)",Computers&Accessories,299.0,70.0,20850,DEAL_SEEKER,DEAL_SEEKER,579.1666666666666,173170.8333333333,65804.91666666666,DEAL_SEEKER,0,0.0
B077Z65HSD,"boAt A400 USB Type-C to USB-A 2.0 Male Data Cable, 2 Meter (Black)",Computers&Accessories,299.0,70.0,20850,DEAL_SEEKER,DEAL_SEEKER,579.1666666666666,173170.8333333333,65804.91666666666,DEAL_SEEKER,0,0.0
B00O2R38C4,"Luminous Vento Deluxe 150 mm Exhaust Fan for Kitchen, Bathroom with Strong Air Suction, Rust Proof Body and Dust Protection Shutters (2-Year Warranty, White)",Home&Kitchen,999.0,33.0,12999,SOCIAL_PROOF,SOCIAL_PROOF,361.0833333333333,360722.25,79358.895,SOCIAL_PROOF,0,0.0
B004IO5BMQ,"Logitech M235 Wireless Mouse, 1000 DPI Optical Tracking, 12 Month Life Battery, Compatible with Windows, Mac, Chromebook/PC/Laptop",Computers&Accessories,699.0,30.0,54405,QUALITY_FIRST,QUALITY_FIRST,1511.25,1056363.75,264090.9375,QUALITY_FIRST,0,0.0
B07VV37FT4,Classmate Octane Neon- 25 Blue Gel Pens | Smooth Writing Pens| Water-proof Ink For Smudge-free Writing| Preferred By Students For Exam & Class Notes| Study At Home Essential,OfficeProducts,250.0,0.0,2628,UNMATCHED,UNMATCHED,73.0,18250.0,912.5,QUALITY_FIRST,1,2737.5
B0BCYQY9X5,"Livpure Glo Star RO+UV+UF+Mineraliser - 7 L Storage Tank, 15 LPH Water Purifier for Home, Black",Home&Kitchen,8499.0,48.0,97,DEAL_SEEKER,DEAL_SEEKER,2.6944444444444446,22900.083333333336,8702.031666666668,SOCIAL_PROOF,1,3435.0125000000003
B0B9F9PT8R,"Eopora PTC Ceramic Fast Heating Room Heater for Bedroom, 1500/1000 Watts Room Heater for Home, Electric Heater, Electric Fan Heater for Home Office Bedroom (White)",Home&Kitchen,1529.0,49.0,29,UNMATCHED,UNMATCHED,0.8055555555555556,1231.6944444444446,61.58472222222223,SOCIAL_PROOF,1,184.7541666666667
B08CT62BM1,"Wayona USB Type C Fast Charging Cable Charger Cord 3A QC 3.0 Data Cable Compatible with Samsung Galaxy S10e S10 S9 S8 S20 Plus, Note 10 9 8, M51 A40 A50 A70, Moto G7 G8 (1M, Grey)",Computers&Accessories,299.0,70.0,2651,DEAL_SEEKER,DEAL_SEEKER,73.63888888888889,22018.027777777777,8366.850555555555,DEAL_SEEKER,0,0.0
B01N1XVVLC,"Bajaj OFR Room Heater, 13 Fin 2900 Watts Oil Filled Room Heater with 400W PTC Ceramic Fan Heater, ISI Approved (Majesty 13F Plus Black)",Home&Kitchen,9590.0,40.0,1017,UNMATCHED,UNMATCHED,28.25,270917.5,13545.875,SOCIAL_PROOF,1,40637.625
B075JJ5NQC,"Butterfly Smart Mixer Grinder, 750W, 4 Jars (Grey)",Home&Kitchen,3199.0,36.0,20869,SOCIAL_PROOF,SOCIAL_PROOF,579.6944444444445,1854442.5277777778,407977.3561111111,SOCIAL_PROOF,0,0.0
B09VGKFM7Y,Amazon Basics 2 Amp USB Wall Charger & Micro USB Cable (White),Electronics,219.0,56.0,14,DEAL_SEEKER,DEAL_SEEKER,0.3888888888888889,85.16666666666667,32.36333333333334,DEAL_SEEKER,0,0.0
B0756CLQWL,"Redgear Pro Wireless Gamepad with 2.4GHz Wireless Technology, Integrated Dual Intensity Motor, Illuminated Keys for PC(Compatible with Windows 7/8/8.1/10 only)",Computers&Accessories,1699.0,58.0,25488,DEAL_SEEKER,DEAL_SEEKER,708.0,1202892.0,457098.96,DEAL_SEEKER,0,0.0
B08VGFX2B6,"Kuber Industries Waterproof Round Non Wovan Laundry Bag/Hamper|Metalic Printed With Handles|Foldable Bin & 45 Liter Capicity|Size 37 x 37 x 49, Pack of 1 (Beige & Brown)-KUBMART11450",Home&Kitchen,177.0,11.0,3688,UNMATCHED,UNMATCHED,102.44444444444444,18132.666666666668,906.6333333333334,QUALITY_FIRST,1,2719.9
B07W14CHV8,"CARECASE® Optical Bay 2nd Hard Drive Caddy, 9.5 mm CD/DVD Drive Slot for SSD and HDD",Computers&Accessories,199.0,75.0,7333,DEAL_SEEKER,DEAL_SEEKER,203.69444444444446,40535.194444444445,15403.37388888889,DEAL_SEEKER,0,0.0
B01LY9W8AF,"Cello Eliza Plastic Laundry Bag/Basket, 50 litres, Light Grey",Home&Kitchen,998.06,22.0,7274,SOCIAL_PROOF,SOCIAL_PROOF,202.05555555555554,201663.56777777776,44365.98491111111,QUALITY_FIRST,1,30249.53516666666
B09CTWFV5W,"PHILIPS Air Fryer HD9200/90, uses up to 90% less fat, 1400W, 4.1 Liter, with Rapid Air Technology (Black), Large",Home&Kitchen,7199.0,28.0,1964,QUALITY_FIRST,QUALITY_FIRST,54.55555555555556,392745.44444444444,98186.36111111111,QUALITY_FIRST,0,0.0
B0BC8BQ432,VU 164 cm (65 inches) The GloLED Series 4K Smart LED Google TV 65GloLED (Grey),Electronics,54990.0,35.0,3587,UNMATCHED,UNMATCHED,99.63888888888889,5479142.5,273957.125,SOCIAL_PROOF,1,821871.375
B082T6V3DT,"AmazonBasics New Release Nylon USB-A to Lightning Cable Cord, Fast Charging MFi Certified Charger for Apple iPhone, iPad (6-Ft, Rose Gold)",Computers&Accessories,799.0,62.0,8188,DEAL_SEEKER,DEAL_SEEKER,227.44444444444446,181728.11111111112,69056.68222222223,DEAL_SEEKER,0,0.0
B082T6V3DT,"AmazonBasics New Release Nylon USB-A to Lightning Cable Cord, Fast Charging MFi Certified Charger for Apple iPhone, iPad (6-Ft, Rose Gold)",Computers&Accessories,799.0,62.0,8188,DEAL_SEEKER,DEAL_SEEKER,227.44444444444446,181728.11111111112,69056.68222222223,DEAL_SEEKER,0,0.0
B082T6V3DT,"AmazonBasics New Release Nylon USB-A to Lightning Cable Cord, Fast Charging MFi Certified Charger for Apple iPhone, iPad (6-Ft, Rose Gold)",Computers&Accessories,799.0,62.0,8188,DEAL_SEEKER,DEAL_SEEKER,227.44444444444446,181728.11111111112,69056.68222222223,DEAL_SEEKER,0,0.0
B01L7C4IU2,Havells Ambrose 1200mm Ceiling Fan (Pearl White Wood),Home&Kitchen,2199.0,28.0,2686,UNMATCHED,UNMATCHED,74.61111111111111,164069.83333333334,8203.491666666667,QUALITY_FIRST,1,24610.475000000002
B0088TKTY2,"TP-LINK WiFi Dongle 300 Mbps Mini Wireless Network USB Wi-Fi Adapter for PC Desktop Laptop(Supports Windows 11/10/8.1/8/7/XP, Mac OS 10.9-10.15 and Linux, WPS, Soft AP Mode, USB 2.0) (TL-WN823N),Black",Computers&Accessories,649.0,54.0,179691,DEAL_SEEKER,DEAL_SEEKER,4991.416666666667,3239429.416666667,1230983.1783333335,DEAL_SEEKER,0,0.0
B081FG1QYX,"Wayona Type C Cable Nylon Braided USB C QC 3.0 Fast Charging Short Power Bank Cable for Samsung Galaxy S10e/S10+/S10/S9/S9+/Note 9/S8/Note 8, LG G7 G5 G6, Moto G6 G7 (0.25M, Black)",Computers&Accessories,339.0,66.0,6255,DEAL_SEEKER,DEAL_SEEKER,173.75,58901.25,22382.475,DEAL_SEEKER,0,0.0
B09GFPVD9Y,"Redmi 9 Activ (Carbon Black, 4GB RAM, 64GB Storage) | Octa-core Helio G35 | 5000 mAh Battery",Electronics,8499.0,23.0,313836,SOCIAL_PROOF,SOCIAL_PROOF,8717.666666666666,74091449.0,16300118.78,QUALITY_FIRST,1,11113717.35
B0B8ZM9RVV,"Zuvexa Egg Boiler Poacher Automatic Off Steaming, Cooking, Boiling Double Layer 14 Egg Boiler (Multicolor)…",Home&Kitchen,419.0,58.0,227,DEAL_SEEKER,DEAL_SEEKER,6.305555555555555,2642.027777777778,1003.9705555555556,DEAL_SEEKER,0,0.0
B0994GP1CX,"LS LAPSTER Quality Assured Universal Silicone 15.6"" Keyboard Protector Skin|| Keyboard Dust Cover|| Keyboard Skin for 15.6"" Laptop| 15.6"" Keyguard| (3.93 x 11.81 x 0.39 inches)",Computers&Accessories,115.0,88.0,5692,UNMATCHED,UNMATCHED,158.11111111111111,18182.777777777777,909.1388888888889,DEAL_SEEKER,1,2727.4166666666665
B0B15GSPQW,Samsung 138 cm (55 inches) Crystal 4K Neo Series Ultra HD Smart LED TV UA55AUE65AKXXL (Black),Electronics,47990.0,32.0,7109,QUALITY_FIRST,QUALITY_FIRST,197.47222222222223,9476691.944444444,2369172.986111111,SOCIAL_PROOF,1,1421503.7916666665
B07N2MGB3G,"AGARO Marvel 9 Liters Oven Toaster Griller, Cake Baking OTG (Black)",Home&Kitchen,1699.0,15.0,8873,SOCIAL_PROOF,SOCIAL_PROOF,246.47222222222223,418756.30555555556,92126.38722222223,QUALITY_FIRST,1,62813.44583333333
B0B3RSDSZ3,"Fire-Boltt Phoenix Smart Watch with Bluetooth Calling 1.3"",120+ Sports Modes, 240*240 PX High Res with SpO2, Heart Rate Monitoring & IP67 Rating",Electronics,1999.0,80.0,27696,DEAL_SEEKER,DEAL_SEEKER,769.3333333333334,1537897.3333333335,584400.9866666667,DEAL_SEEKER,0,0.0
B08BJN4MP3,HUL Pureit Eco Water Saver Mineral RO+UV+MF AS wall mounted/Counter top Black 10L Water Purifier,Home&Kitchen,13999.0,44.0,8948,SOCIAL_PROOF,SOCIAL_PROOF,248.55555555555554,3479529.222222222,765496.4288888888,SOCIAL_PROOF,0,0.0
B082LSVT4B,"Ambrane Unbreakable 60W / 3A Fast Charging 1.5m Braided Type C to Type C Cable for Smartphones, Tablets, Laptops & Other Type C Devices, PD Technology, 480Mbps Data Sync (RCTT15, Black)",Computers&Accessories,249.0,38.0,43994,SOCIAL_PROOF,SOCIAL_PROOF,1222.0555555555557,304291.8333333334,66944.20333333334,SOCIAL_PROOF,0,0.0
B082LSVT4B,"Ambrane Unbreakable 60W / 3A Fast Charging 1.5m Braided Type C to Type C Cable for Smartphones, Tablets, Laptops & Other Type C Devices, PD Technology, 480Mbps Data Sync (RCTT15, Black)",Computers&Accessories,249.0,38.0,43994,SOCIAL_PROOF,SOCIAL_PROOF,1222.0555555555557,304291.8333333334,66944.20333333334,SOCIAL_PROOF,0,0.0
B095JPKPH3,OnePlus 163.8 cm (65 inches) U Series 4K LED Smart Android TV 65U1S (Black),Electronics,61999.0,11.0,6753,UNMATCHED,UNMATCHED,187.58333333333334,11629979.083333334,581498.9541666667,QUALITY_FIRST,1,1744496.8625
B00NH12R1O,"Amazon Basics USB 3.0 Cable - A Male to Micro B - 6 Feet (1.8 Meters), Black",Computers&Accessories,299.0,38.0,10911,UNMATCHED,UNMATCHED,303.0833333333333,90621.91666666666,4531.095833333333,SOCIAL_PROOF,1,13593.287499999999
B00NH13Q8W,"AmazonBasics USB 2.0 Extension Cable for Personal Computer, Printer, 2-Pack - A-Male to A-Female - 3.3 Feet (1 Meter, Black)",Computers&Accessories,299.0,63.0,74977,DEAL_SEEKER,DEAL_SEEKER,2082.6944444444443,622725.6388888889,236635.74277777778,DEAL_SEEKER,0,0.0
B0187F2IOK,"Bajaj HM-01 Powerful 250W Hand Mixer, Black",Home&Kitchen,1499.0,32.0,6531,QUALITY_FIRST,QUALITY_FIRST,181.41666666666666,271943.5833333333,67985.89583333333,SOCIAL_PROOF,1,40791.5375
B07JW1Y6XV,"Wayona Nylon Braided 3A Lightning to USB A Syncing and Fast Charging Data Cable for iPhone, Ipad (3 FT Pack of 1, Black)",Computers&Accessories,399.0,64.0,24269,DEAL_SEEKER,DEAL_SEEKER,674.1388888888889,268981.4166666667,102212.93833333334,DEAL_SEEKER,0,0.0
B0B5LVS732,"Noise Pulse Go Buzz Smart Watch Bluetooth Calling with 1.69"" Display, 550 NITS, 150+ Cloud Watch Face, SPo2, Heart Rate Tracking, 100 Sports Mode with Auto Detection, Longer Battery (Jet Black)",Electronics,1898.0,62.0,10689,DEAL_SEEKER,DEAL_SEEKER,296.9166666666667,563547.8333333334,214148.1766666667,DEAL_SEEKER,0,0.0
B0B5LVS732,"Noise Pulse Go Buzz Smart Watch Bluetooth Calling with 1.69"" Display, 550 NITS, 150+ Cloud Watch Face, SPo2, Heart Rate Tracking, 100 Sports Mode with Auto Detection, Longer Battery (Jet Black)",Electronics,1999.0,60.0,10689,DEAL_SEEKER,DEAL_SEEKER,296.9166666666667,593536.4166666667,225543.83833333338,DEAL_SEEKER,0,0.0
B09WF4Q7B3,"Wipro Vesta 1380W Cordless Steam Iron Quick heat up with 20gm/ min Steam Burst, Scratch resistant Ceramic soleplate ,Vertical and Horizontal Ironing, Steam burst of upto .8g/ shot",Home&Kitchen,1799.0,31.0,771,UNMATCHED,UNMATCHED,21.416666666666668,38528.583333333336,1926.4291666666668,SOCIAL_PROOF,1,5779.2875
B0B61DSF17,beatXP Kitchen Scale Multipurpose Portable Electronic Digital Weighing Scale | Weight Machine With Back light LCD Display | White |10 kg | 2 Year Warranty |,Home&Kitchen,199.0,90.0,2031,UNMATCHED,UNMATCHED,56.416666666666664,11226.916666666666,561.3458333333333,DEAL_SEEKER,1,1684.0375
B0BNV7JM5Y,"boAt Newly Launched Wave Electra with 1.81"" HD Display, Smart Calling with Ultra-Seamless BT Calling Chip,20 Built-In Watch Faces,100 + Sports Modes,Menu Personalization,In-Built Games(Charcoal Black)",Electronics,2999.0,62.0,154,DEAL_SEEKER,DEAL_SEEKER,4.277777777777778,12829.055555555555,4875.041111111111,DEAL_SEEKER,0,0.0
B08WWKM5HQ,Crompton Highspeed Markle Prime 1200 mm (48 inch) Anti-Dust Ceiling Fan with Energy Efficient 55W Motor (Burgundy),Home&Kitchen,2599.0,46.0,898,DEAL_SEEKER,DEAL_SEEKER,24.944444444444443,64830.61111111111,24635.632222222222,SOCIAL_PROOF,1,9724.591666666665
B082T6GVG9,"AmazonBasics New Release ABS USB-A to Lightning Cable Cord, Fast Charging MFi Certified Charger for Apple iPhone, iPad Tablet (3-Ft, White)",Computers&Accessories,689.0,54.0,42301,DEAL_SEEKER,DEAL_SEEKER,1175.0277777777778,809594.1388888889,307645.7727777778,DEAL_SEEKER,0,0.0
B07VVXJ2P5,SVM Products Unbreakable Set Top Box Stand with Dual Remote Holder (Black),Electronics,96.0,76.0,1796,UNMATCHED,UNMATCHED,49.888888888888886,4789.333333333333,239.46666666666667,DEAL_SEEKER,1,718.4
B07L8KNP5F,"ZEBRONICS Zeb-Thunder Bluetooth Wireless Over Ear Headphone FM, mSD, 9 hrs Playback with Mic (Black)",Electronics,599.0,57.0,60026,DEAL_SEEKER,DEAL_SEEKER,1667.388888888889,998765.9444444445,379531.0588888889,DEAL_SEEKER,0,0.0
B08H6CZSHT,"Philips EasySpeed Plus Steam Iron GC2145/20-2200W, Quick Heat Up with up to 30 g/min steam, 110 g steam Boost, Scratch Resistant Ceramic Soleplate, Vertical steam & Drip-Stop",Home&Kitchen,2903.0,12.0,2299,QUALITY_FIRST,QUALITY_FIRST,63.861111111111114,185388.80555555556,46347.20138888889,QUALITY_FIRST,0,0.0
B083GQGT3Z,"Caprigo Heavy Duty TV Wall Mount Stand for 12 to 27 inches LED/LCD/Monitor Screen's, Full Motion Rotatable Universal TV & Monitor Wall Mount Bracket with Swivel & Tilt Adjustments (Single Arm - M416)",Electronics,399.0,50.0,1161,DEAL_SEEKER,DEAL_SEEKER,32.25,12867.75,4889.745,SOCIAL_PROOF,1,1930.1625
B08497Z1MQ,"HP M270 Backlit USB Wired Gaming Mouse with 6 Buttons, 4-Speed Customizable 2400 DPI, Ergonomic Design, Breathing LED Lighting, Metal Scroll Wheel, Lightweighted / 3 Years Warranty (7ZZ87AA), Black",Computers&Accessories,599.0,14.0,2301,QUALITY_FIRST,QUALITY_FIRST,63.916666666666664,38286.08333333333,9571.520833333332,QUALITY_FIRST,0,0.0
B071Z8M4KX,boAt BassHeads 100 in-Ear Wired Headphones with Mic (Black),Electronics,365.0,63.0,363711,DEAL_SEEKER,DEAL_SEEKER,10103.083333333334,3687625.416666667,1401297.6583333334,DEAL_SEEKER,0,0.0
B08Y1TFSP6,"pTron Solero TB301 3A Type-C Data and Fast Charging Cable, Made in India, 480Mbps Data Sync, Strong and Durable 1.5-Meter Nylon Braided USB Cable for Type-C Devices for Charging Adapter (Black)",Computers&Accessories,149.0,85.0,24871,DEAL_SEEKER,DEAL_SEEKER,690.8611111111111,102938.30555555555,39116.55611111111,DEAL_SEEKER,0,0.0
B08Y1TFSP6,"pTron Solero TB301 3A Type-C Data and Fast Charging Cable, Made in India, 480Mbps Data Sync, Strong and Durable 1.5-Meter Nylon Braided USB Cable for Type-C Devices for Charging Adapter (Black)",Computers&Accessories,149.0,85.0,24870,DEAL_SEEKER,DEAL_SEEKER,690.8333333333334,102934.16666666667,39114.98333333334,DEAL_SEEKER,0,0.0
B08Y1TFSP6,"pTron Solero TB301 3A Type-C Data and Fast Charging Cable, Made in India, 480Mbps Data Sync, Strong and Durable 1.5-Meter Nylon Braided USB Cable for Type-C Devices for Charging Adapter (Black)",Computers&Accessories,149.0,85.0,24870,DEAL_SEEKER,DEAL_SEEKER,690.8333333333334,102934.16666666667,39114.98333333334,DEAL_SEEKER,0,0.0
B095244Q22,"MYVN LTG to USB for Fast Charging & Data Sync USB Cable Compatible for iPhone 5/5s/6/6S/7/7+/8/8+/10/11, iPad Air/Mini, iPod and iOS Devices (1 M)",Computers&Accessories,252.0,75.0,2249,UNMATCHED,UNMATCHED,62.47222222222222,15743.0,787.1500000000001,DEAL_SEEKER,1,2361.45
B07YCBSCYB,AmazonBasics Induction Cooktop 1600 Watt (Black),Home&Kitchen,1999.0,39.0,780,UNMATCHED,UNMATCHED,21.666666666666668,43311.66666666667,2165.5833333333335,SOCIAL_PROOF,1,6496.750000000001
B07GVR9TG7,"TP-Link Archer AC1200 Archer C6 Wi-Fi Speed Up to 867 Mbps/5 GHz + 400 Mbps/2.4 GHz, 5 Gigabit Ports, 4 External Antennas, MU-MIMO, Dual Band, WiFi Coverage with Access Point Mode, Black",Computers&Accessories,2499.0,50.0,35024,DEAL_SEEKER,DEAL_SEEKER,972.8888888888889,2431249.3333333335,923874.7466666667,SOCIAL_PROOF,1,364687.4
B09CMP1SC8,"Ambrane 2 in 1 Type-C & Micro USB Cable with 60W / 3A Fast Charging, 480 mbps High Data, PD Technology & Quick Charge 3.0, Compatible with All Type-C & Micro USB Devices (ABDC-10, Black)",Computers&Accessories,199.0,60.0,602,DEAL_SEEKER,DEAL_SEEKER,16.72222222222222,3327.722222222222,1264.5344444444445,DEAL_SEEKER,0,0.0
B09CMP1SC8,"Ambrane 2 in 1 Type-C & Micro USB Cable with 60W / 3A Fast Charging, 480 mbps High Data, PD Technology & Quick Charge 3.0, Compatible with All Type-C & Micro USB Devices (ABDC-10, Black)",Computers&Accessories,199.0,60.0,602,DEAL_SEEKER,DEAL_SEEKER,16.72222222222222,3327.722222222222,1264.5344444444445,DEAL_SEEKER,0,0.0
B09CMP1SC8,"Ambrane 2 in 1 Type-C & Micro USB Cable with 60W / 3A Fast Charging, 480 mbps High Data, PD Technology & Quick Charge 3.0, Compatible with All Type-C & Micro USB Devices (ABDC-10, Black)",Computers&Accessories,199.0,60.0,602,DEAL_SEEKER,DEAL_SEEKER,16.72222222222222,3327.722222222222,1264.5344444444445,DEAL_SEEKER,0,0.0
B071VNHMX2,Philips Daily Collection HD2582/00 830-Watt 2-Slice Pop-up Toaster (White),Home&Kitchen,2095.0,0.0,7949,QUALITY_FIRST,QUALITY_FIRST,220.80555555555554,462587.6388888889,115646.90972222222,QUALITY_FIRST,0,0.0
B0BPBG712X,"Portable, Handy Compact Plug-in Portable Digital Electric Heater Fan Wall-Outlet Handy Air Warmer Blower Adjustable Timer Digital Display Heater for Home/Office/Camper (Black, 400 Watts)",Home&Kitchen,799.0,33.0,17,NICHE_EXPLORER,NICHE_EXPLORER,0.4722222222222222,377.30555555555554,56.59583333333333,SOCIAL_PROOF,1,56.59583333333333
B01J1CFO5I,Redgear MP35 Speed-Type Gaming Mousepad (Black/Red),Computers&Accessories,299.0,46.0,33434,DEAL_SEEKER,DEAL_SEEKER,928.7222222222222,277687.94444444444,105521.41888888889,SOCIAL_PROOF,1,41653.191666666666
B07GLS2563,"Cello Quick Boil Popular Electric Kettle 1 Litre 1200 Watts | Stainless Steel body | Boiler for Water, Silver",Home&Kitchen,1199.0,37.0,3858,UNMATCHED,UNMATCHED,107.16666666666667,128492.83333333334,6424.641666666667,SOCIAL_PROOF,1,19273.925
B00C3GBCIS,GIZGA Club-laptop Neoprene Reversible for 15.6-inches Laptop Sleeve - Black-Red,Computers&Accessories,249.0,50.0,22860,DEAL_SEEKER,DEAL_SEEKER,635.0,158115.0,60083.7,SOCIAL_PROOF,1,23717.25
B07YWS9SP9,"Zebronics, ZEB-NC3300 USB Powered Laptop Cooling Pad with Dual Fan, Dual USB Port and Blue LED Lights",Computers&Accessories,599.0,40.0,7601,UNMATCHED,UNMATCHED,211.13888888888889,126472.19444444444,6323.609722222222,SOCIAL_PROOF,1,18970.829166666666
B07FL3WRX5,"Wonderchef Nutri-blend Complete Kitchen Machine | 22000 RPM Mixer Grinder, Blender, Chopper, Juicer | 400W Powerful motor | SS Blades | 4 Unbreakable Jars | 2 Years Warranty | Online Recipe Book By Chef Sanjeev Kapoor | Black",Home&Kitchen,3299.0,49.0,11217,UNMATCHED,UNMATCHED,311.5833333333333,1027913.4166666666,51395.67083333334,SOCIAL_PROOF,1,154187.01249999998
B0B5ZF3NRK,"CEDO 65W OnePlus Dash Warp Charge Cable, USB A to Type C Data Sync Fast Charging Cable Compatible with One Plus 3 /3T /5 /5T /6 /6T /7 /7T /7 pro & for All Type C Devices - 1 Meter, Red",Computers&Accessories,349.0,42.0,210,UNMATCHED,UNMATCHED,5.833333333333333,2035.8333333333333,101.79166666666667,SOCIAL_PROOF,1,305.375
B0B5ZF3NRK,"CEDO 65W OnePlus Dash Warp Charge Cable, USB A to Type C Data Sync Fast Charging Cable Compatible with One Plus 3 /3T /5 /5T /6 /6T /7 /7T /7 pro & for All Type C Devices - 1 Meter, Red",Computers&Accessories,349.0,42.0,210,UNMATCHED,UNMATCHED,5.833333333333333,2035.8333333333333,101.79166666666667,SOCIAL_PROOF,1,305.375
B07WGMMQGP,"iQOO vivo Z6 5G (Chromatic Blue, 6GB RAM, 128GB Storage) | Snapdragon 695-6nm Processor | 120Hz FHD+ Display | 5000mAh Battery",Electronics,16499.0,21.0,21350,UNMATCHED,UNMATCHED,593.0555555555555,9784823.61111111,489241.1805555555,QUALITY_FIRST,1,1467723.5416666665
B00EYW1U68,TP-Link TL-WA855RE 300 Mbps Wi-Fi Range Extender (White),Computers&Accessories,1599.0,56.0,16182,DEAL_SEEKER,DEAL_SEEKER,449.5,718750.5,273125.19,DEAL_SEEKER,0,0.0
B092R48XXB,"Mi Robot Vacuum-Mop P, Best-in-class Laser Navigation in 10-20K INR price band, Intelligent mapping, Robotic Floor Cleaner with 2 in 1 Mopping and Vacuum, App Control (WiFi, Alexa,GA), Strong suction",Home&Kitchen,18999.0,37.0,2536,UNMATCHED,UNMATCHED,70.44444444444444,1338374.0,66918.7,SOCIAL_PROOF,1,200756.1
B0B4F3QNDM,"Samsung Galaxy M13 5G (Aqua Green, 6GB, 128GB Storage) | 5000mAh Battery | Upto 12GB RAM with RAM Plus",Electronics,13999.0,28.0,18998,UNMATCHED,UNMATCHED,527.7222222222222,7387583.388888888,369379.1694444444,QUALITY_FIRST,1,1108137.508333333
B09BW334ML,Dealfreez Case Compatible with Fire TV Stick 3rd Gen 2021 Full Wrap Silicone Remote Cover Anti-Lost with Loop (D-Black),Electronics,349.0,77.0,4145,DEAL_SEEKER,DEAL_SEEKER,115.13888888888889,40183.47222222222,15269.719444444443,DEAL_SEEKER,0,0.0
B09C6FML9B,"Duracell Micro USB 3A Braided Sync & Fast Charging Cable, 3.9 Feet (1.2M). Supports QC 2.0/3.0 Charging, High Speed Data Transmission - Black",Computers&Accessories,320.0,47.0,491,DEAL_SEEKER,DEAL_SEEKER,13.63888888888889,4364.444444444444,1658.4888888888888,SOCIAL_PROOF,1,654.6666666666666
B0B61GCHC1,"LS LAPSTER Quality Assured USB 2.0 morpho cable, morpho device cable for Mso 1300 E3/E2/E Biometric Finger Print Scanner morpho USB cable (Black)",Computers&Accessories,199.0,80.0,87,DEAL_SEEKER,DEAL_SEEKER,2.4166666666666665,480.91666666666663,182.74833333333333,DEAL_SEEKER,0,0.0
B0BJYSCWFQ,"Kitchengenix's Mini Waffle Maker 4 Inch- 350 Watts: Stainless Steel Non-Stick Electric Iron Machine for Individual Belgian Waffles, Pan Cakes, Paninis or Other Snacks (Red)",Home&Kitchen,899.0,55.0,39,DEAL_SEEKER,DEAL_SEEKER,1.0833333333333333,973.9166666666666,370.0883333333333,DEAL_SEEKER,0,0.0
B09C6HXFC1,"Duracell USB Lightning Apple Certified (Mfi) Braided Sync & Charge Cable For Iphone, Ipad And Ipod. Fast Charging Lightning Cable, 3.9 Feet (1.2M) - Black",Computers&Accessories,970.0,46.0,815,DEAL_SEEKER,DEAL_SEEKER,22.63888888888889,21959.722222222223,8344.694444444445,SOCIAL_PROOF,1,3293.9583333333335
B09C6HXFC1,"Duracell USB Lightning Apple Certified (Mfi) Braided Sync & Charge Cable For Iphone, Ipad And Ipod. Fast Charging Lightning Cable, 3.9 Feet (1.2M) - Black",Computers&Accessories,970.0,46.0,815,DEAL_SEEKER,DEAL_SEEKER,22.63888888888889,21959.722222222223,8344.694444444445,SOCIAL_PROOF,1,3293.9583333333335
B09C6HXFC1,"Duracell USB Lightning Apple Certified (Mfi) Braided Sync & Charge Cable For Iphone, Ipad And Ipod. Fast Charging Lightning Cable, 3.9 Feet (1.2M) - Black",Computers&Accessories,970.0,46.0,815,DEAL_SEEKER,DEAL_SEEKER,22.63888888888889,21959.722222222223,8344.694444444445,SOCIAL_PROOF,1,3293.9583333333335
B0B3RRWSF6,"Fire-Boltt Phoenix Smart Watch with Bluetooth Calling 1.3"",120+ Sports Modes, 240*240 PX High Res with SpO2, Heart Rate Monitoring & IP67 Rating",Electronics,1998.0,80.0,27696,DEAL_SEEKER,DEAL_SEEKER,769.3333333333334,1537128.0,584108.64,DEAL_SEEKER,0,0.0
B0B3RRWSF6,"Fire-Boltt Phoenix Smart Watch with Bluetooth Calling 1.3"",120+ Sports Modes, 240*240 PX High Res with SpO2, Heart Rate Monitoring & IP67 Rating",Electronics,1998.0,80.0,27709,DEAL_SEEKER,DEAL_SEEKER,769.6944444444445,1537849.5,584382.81,DEAL_SEEKER,0,0.0
B09GFN8WZL,"Portronics Ruffpad 8.5M Multicolor LCD Writing Pad with Screen 21.5cm (8.5-inch) for Drawing, Playing, Handwriting Gifts for Kids & Adults, India's first notepad to save and share your child's first creatives via Ruffpad app on your Smartphone(Black)",Computers&Accessories,378.0,62.0,1779,DEAL_SEEKER,DEAL_SEEKER,49.416666666666664,18679.5,7098.21,DEAL_SEEKER,0,0.0
B06Y36JKC3,Abode Kitchen Essential Measuring Cup & Spoon for Spices | for Cooking and Baking Cake | Multipurpose Tablespoon Cups with Ring Holder | (Black),Home&Kitchen,149.0,50.0,4074,DEAL_SEEKER,DEAL_SEEKER,113.16666666666667,16861.833333333336,6407.496666666668,SOCIAL_PROOF,1,2529.275
B01IOZUHRS,Gizga Essentials Laptop Power Cable Cord- 3 Pin Adapter Isi Certified(1 Meter/3.3 Feet),Computers&Accessories,179.0,64.0,10174,DEAL_SEEKER,DEAL_SEEKER,282.6111111111111,50587.38888888888,19223.207777777778,DEAL_SEEKER,0,0.0
B00UGZWM2I,COI Note Pad/Memo Book with Sticky Notes & Clip Holder with Pen for Gifting,OfficeProducts,198.0,75.0,9344,DEAL_SEEKER,DEAL_SEEKER,259.55555555555554,51392.0,19528.96,DEAL_SEEKER,0,0.0
B08MCD9JFY,"Tygot 10 Inches Big LED Ring Light for Camera, Phone tiktok YouTube Video Shooting and Makeup, 10"" inch Ring Light with 7 Feet Long Foldable and Lightweight Tripod Stand",Electronics,799.0,60.0,12958,DEAL_SEEKER,DEAL_SEEKER,359.94444444444446,287595.6111111111,109286.33222222223,DEAL_SEEKER,0,0.0
B06XPYRWV5,Pigeon by Stovekraft 2 Slice Auto Pop up Toaster. A Smart Bread Toaster for Your Home (750 Watt) (black),Home&Kitchen,1099.0,39.0,4244,UNMATCHED,UNMATCHED,117.88888888888889,129559.88888888889,6477.9944444444445,SOCIAL_PROOF,1,19433.983333333334
B0989W6J2F,ENEM Sealing Machine | 12 Inch (300 mm) | 1 Year Warranty | Full Customer Support | Beep Sound Function | Plastic Packing Machine | Plastic Bag Sealing Machine | Heat Sealer Machine | Plastic Sealing Machine | Blue | Made in India,Home&Kitchen,1595.0,11.0,2877,UNMATCHED,UNMATCHED,79.91666666666667,127467.08333333334,6373.354166666668,QUALITY_FIRST,1,19120.0625
B08CTNJ985,"Wayona USB Type C 65W Fast Charging 2M/6Ft Long Flash Charge Cable 3A QC 3.0 Data Cable Compatible with Samsung Galaxy S21 S10 S9 S8, iQOO Z3, Vivo, Note 10 9 8, A20e A40 A50 A70, Moto G7 G8 (2M, Grey)",Computers&Accessories,325.0,67.0,2651,DEAL_SEEKER,DEAL_SEEKER,73.63888888888889,23932.638888888887,9094.402777777777,DEAL_SEEKER,0,0.0
B0B4F2XCK3,"Samsung Galaxy M13 (Aqua Green, 6GB, 128GB Storage) | 6000mAh Battery | Upto 12GB RAM with RAM Plus",Electronics,12999.0,28.0,18998,UNMATCHED,UNMATCHED,527.7222222222222,6859861.166666666,342993.05833333335,QUALITY_FIRST,1,1028979.1749999998
B07LFQLKFZ,Parker Moments Vector Timecheck Gold Trim Roller Ball Pen (Black),OfficeProducts,420.0,0.0,1926,UNMATCHED,UNMATCHED,53.5,22470.0,1123.5,QUALITY_FIRST,1,3370.5
B09P182Z2H,"AGARO Glory Cool Mist Ultrasonic Humidifier, 4.5Litres, For Large Area, Room, Home, Office, Adjustable Mist Output, Ceramic Ball Filter, Ultra Quiet, 360° Rotatable Nozzle, Auto Shut Off, Grey",Home&Kitchen,3290.0,43.0,168,NICHE_EXPLORER,NICHE_EXPLORER,4.666666666666667,15353.333333333334,2303.0,SOCIAL_PROOF,1,2303.0
B0B2CZTCL2,"Wipro Vesta 1.8 litre Cool touch electric Kettle with Auto cut off | Double Layer outer body | Triple Protection - Dry Boil, Steam & Over Heat |Stainless Steel Inner Body | (Black, 1500 Watt)",Home&Kitchen,1299.0,35.0,311,UNMATCHED,UNMATCHED,8.63888888888889,11221.916666666668,561.0958333333334,SOCIAL_PROOF,1,1683.2875000000001
B00JBNZPFM,"Karcher WD3 EU Wet and Dry Vacuum Cleaner, 1000 Watts Powerful Suction, 17 L Capacity, Blower Function, Easy Filter Removal for Home and Garden Cleaning  (Yellow/Black)",Home&Kitchen,6199.0,44.0,10429,SOCIAL_PROOF,SOCIAL_PROOF,289.69444444444446,1795815.8611111112,395079.4894444445,SOCIAL_PROOF,0,0.0
B08SCCG9D4,"JBL Commercial CSLM20B Auxiliary Omnidirectional Lavalier Microphone with Battery for Content Creation, Voiceover/Dubbing, Recording (Black,Small)",Computers&Accessories,949.0,53.0,14969,DEAL_SEEKER,DEAL_SEEKER,415.80555555555554,394599.4722222222,149947.79944444445,DEAL_SEEKER,0,0.0
B00KIE28X0,"Camel Artist Acrylic Color Box - 9ml Tubes, 12 Shades",Home&Kitchen,310.0,0.0,5882,QUALITY_FIRST,QUALITY_FIRST,163.38888888888889,50650.555555555555,12662.638888888889,QUALITY_FIRST,0,0.0
B08L879JSN,"Acer EK220Q 21.5 Inch (54.61 cm) Full HD (1920x1080) VA Panel LCD Monitor with LED Back Light I 250 Nits I HDMI, VGA Ports I Eye Care Features Like Bluelight Shield, Flickerless & Comfy View (Black)",Computers&Accessories,6299.0,54.0,2014,DEAL_SEEKER,DEAL_SEEKER,55.94444444444444,352394.05555555556,133909.74111111113,DEAL_SEEKER,0,0.0
B08M66K48D,"POPIO Tempered Glass Screen Protector Compatible for iPhone 12 / iPhone 12 Pro with Case Friendly Edge to Edge Coverage and Easy Installation kit, Pack of 1",Electronics,299.0,50.0,4674,DEAL_SEEKER,DEAL_SEEKER,129.83333333333334,38820.16666666667,14751.663333333336,SOCIAL_PROOF,1,5823.025000000001
B0BBN3WF7V,"Redmi A1 (Light Green, 2GB RAM 32GB ROM) | Segment Best AI Dual Cam | 5000mAh Battery | Leather Texture Design | Android 12",Electronics,6499.0,28.0,7807,UNMATCHED,UNMATCHED,216.86111111111111,1409380.3611111112,70469.01805555557,QUALITY_FIRST,1,211407.05416666667
B081RLM75M,LACOPINE Mini Pocket Size Lint Roller (White),Home&Kitchen,369.0,38.0,82,UNMATCHED,UNMATCHED,2.2777777777777777,840.5,42.025000000000006,SOCIAL_PROOF,1,126.07499999999999
B07QDSN9V6,INALSA Electric Kettle 1.5 Litre with Stainless Steel Body - Absa|Auto Shut Off & Boil Dry Protection Safety Features| Cordless Base & Cord Winder|Hot Water Kettle |Water Heater Jug,Home&Kitchen,699.0,56.0,8090,DEAL_SEEKER,DEAL_SEEKER,224.72222222222223,157080.83333333334,59690.716666666674,DEAL_SEEKER,0,0.0
B0B56YRBNT,"Tecno Spark 9 (Sky Mirror, 6GB RAM,128GB Storage) | 11GB Expandable RAM | Helio G37 Gaming Processor",Electronics,8999.0,33.0,3145,UNMATCHED,UNMATCHED,87.36111111111111,786162.6388888889,39308.131944444445,SOCIAL_PROOF,1,117924.39583333333
B08RDWBYCQ,"T TOPLINE 180 W Electric Hand Mixer,Hand Blender , Egg Beater, Cake maker , Beater Cream Mix, Food Blender, Beater for Whipping Cream Beater for Cake With 7 -Speed with spatula and oil brush",Home&Kitchen,549.0,45.0,1313,UNMATCHED,UNMATCHED,36.47222222222222,20023.25,1001.1625,SOCIAL_PROOF,1,3003.4874999999997
B089WB69Y1,"USB Charger, Oraimo Elite Dual Port 5V/2.4A Wall Charger, USB Wall Charger Adapter for iPhone 11/Xs/XS Max/XR/X/8/7/6/Plus, iPad Pro/Air 2/Mini 3/Mini 4, Samsung S4/S5, and More",Electronics,249.0,62.0,14404,DEAL_SEEKER,DEAL_SEEKER,400.1111111111111,99627.66666666666,37858.51333333333,DEAL_SEEKER,0,0.0
B07LGT55SJ,"Wayona Usb Nylon Braided Data Sync And Charging Cable For Iphone, Ipad Tablet (Red, Black)",Computers&Accessories,399.0,64.0,24269,DEAL_SEEKER,DEAL_SEEKER,674.1388888888889,268981.4166666667,102212.93833333334,DEAL_SEEKER,0,0.0
B07JPJJZ2H,"Wayona Nylon Braided Lightning USB Data Sync & 3A Charging Cable for iPhones, iPad Air, iPad Mini, iPod Nano and iPod Touch (3 FT Pack of 1, Grey)",Computers&Accessories,399.0,69.0,13120,DEAL_SEEKER,DEAL_SEEKER,364.44444444444446,145413.33333333334,55257.06666666667,DEAL_SEEKER,0,0.0
B07K2HVKLL,Crompton IHL 251 1500-Watt Immersion Water Heater with Copper Heating Element and IP 68 Protection,Home&Kitchen,640.0,37.0,5059,UNMATCHED,UNMATCHED,140.52777777777777,89937.77777777778,4496.88888888889,SOCIAL_PROOF,1,13490.666666666666
B085W8CFLH,"PTron Tangent Lite Bluetooth 5.0 Earphones with Mic, Hi-Fi Stereo Sound Neckband, 8Hrs Playtime, Lightweight Snug-fit in-Ear Headphones, IPX4 Water Resistant, Fast Charge & Voice Assistant (Black)",Electronics,599.0,67.0,83996,UNMATCHED,UNMATCHED,2333.222222222222,1397600.111111111,69880.00555555556,DEAL_SEEKER,1,209640.01666666663
B09VT6JKRP,Lapster USB 3.0 A to Micro B SuperSpeed for hard disk cable - short cable,Computers&Accessories,199.0,80.0,425,DEAL_SEEKER,DEAL_SEEKER,11.805555555555555,2349.3055555555557,892.7361111111112,DEAL_SEEKER,0,0.0
B07CD2BN46,Xiaomi Mi Wired in Ear Earphones with Mic Basic with Ultra Deep Bass & Aluminum Alloy Sound Chamber (Black),Electronics,429.0,28.0,119466,SOCIAL_PROOF,SOCIAL_PROOF,3318.5,1423636.5,313200.03,QUALITY_FIRST,1,213545.475
B09C6HXFC1,"Duracell USB Lightning Apple Certified (Mfi) Braided Sync & Charge Cable For Iphone, Ipad And Ipod. Fast Charging Lightning Cable, 3.9 Feet (1.2M) - Black",Computers&Accessories,970.0,46.0,815,DEAL_SEEKER,DEAL_SEEKER,22.63888888888889,21959.722222222223,8344.694444444445,SOCIAL_PROOF,1,3293.9583333333335
B09C6HXFC1,"Duracell USB Lightning Apple Certified (Mfi) Braided Sync & Charge Cable For Iphone, Ipad And Ipod. Fast Charging Lightning Cable, 3.9 Feet (1.2M) - Black",Computers&Accessories,970.0,46.0,815,DEAL_SEEKER,DEAL_SEEKER,22.63888888888889,21959.722222222223,8344.694444444445,SOCIAL_PROOF,1,3293.9583333333335
B09C6HXFC1,"Duracell USB Lightning Apple Certified (Mfi) Braided Sync & Charge Cable For Iphone, Ipad And Ipod. Fast Charging Lightning Cable, 3.9 Feet (1.2M) - Black",Computers&Accessories,970.0,46.0,815,DEAL_SEEKER,DEAL_SEEKER,22.63888888888889,21959.722222222223,8344.694444444445,SOCIAL_PROOF,1,3293.9583333333335
B08T8KWNQ9,TE™ Instant Electric Heating Hot and Cold Water Geyser Tap Water with Digital Display (White),Home&Kitchen,1449.0,71.0,63,UNMATCHED,UNMATCHED,1.75,2535.75,126.78750000000001,DEAL_SEEKER,1,380.3625
B003L62T7W,"Logitech B100 Wired USB Mouse, 3 yr Warranty, 800 DPI Optical Tracking, Ambidextrous PC/Mac/Laptop - Black",Computers&Accessories,279.0,26.0,31534,QUALITY_FIRST,QUALITY_FIRST,875.9444444444445,244388.5,61097.125,QUALITY_FIRST,0,0.0
B09RF2QXGX,"Gizga Essentials Webcam Cover, Privacy Protector Webcam Cover Slide, Compatible with Laptop, Desktop, PC, Smartphone, Protect Your Privacy and Security, Strong Adhesive, Set of 3, Black",Computers&Accessories,69.0,77.0,255,DEAL_SEEKER,DEAL_SEEKER,7.083333333333333,488.75,185.725,DEAL_SEEKER,0,0.0
B0BD3T6Z1D,"Samsung Galaxy M32 Prime Edition (Light Blue, 4GB RAM, 64GB)",Electronics,12999.0,4.0,56098,SOCIAL_PROOF,SOCIAL_PROOF,1558.2777777777778,20256052.833333336,4456331.623333334,QUALITY_FIRST,1,3038407.9250000003
B0B4HJNPV4,"pTron Solero T351 3.5Amps Fast Charging Type-C to Type-C PD Data & Charging USB Cable, Made in India, 480Mbps Data Sync, Durable 1 Meter Long Cable for Type-C Smartphones, Tablets & Laptops (Black)",Computers&Accessories,199.0,80.0,1075,DEAL_SEEKER,DEAL_SEEKER,29.86111111111111,5942.361111111111,2258.097222222222,DEAL_SEEKER,0,0.0
B0B4HJNPV4,"pTron Solero T351 3.5Amps Fast Charging Type-C to Type-C PD Data & Charging USB Cable, Made in India, 480Mbps Data Sync, Durable 1 Meter Long Cable for Type-C Smartphones, Tablets & Laptops (Black)",Computers&Accessories,199.0,80.0,1075,DEAL_SEEKER,DEAL_SEEKER,29.86111111111111,5942.361111111111,2258.097222222222,DEAL_SEEKER,0,0.0
B01GGKYKQM,"Amazon Basics USB Type-C to USB-A 2.0 Male Fast Charging Cable for Laptop - 3 Feet (0.9 Meters), Black",Computers&Accessories,219.0,69.0,20053,DEAL_SEEKER,DEAL_SEEKER,557.0277777777778,121989.08333333334,46355.85166666667,DEAL_SEEKER,0,0.0
B01GGKYKQM,"Amazon Basics USB Type-C to USB-A 2.0 Male Fast Charging Cable for Laptop - 3 Feet (0.9 Meters), Black",Computers&Accessories,219.0,69.0,20052,DEAL_SEEKER,DEAL_SEEKER,557.0,121983.0,46353.54,DEAL_SEEKER,0,0.0
B01GGKYKQM,"Amazon Basics USB Type-C to USB-A 2.0 Male Fast Charging Cable for Laptop - 3 Feet (0.9 Meters), Black",Computers&Accessories,219.0,69.0,20053,DEAL_SEEKER,DEAL_SEEKER,557.0277777777778,121989.08333333334,46355.85166666667,DEAL_SEEKER,0,0.0
B09YLYB9PB,"Ambrane 60W / 3A Fast Charging Output Cable with Micro to USB for Mobile, Neckband, True Wireless Earphone Charging, 480mbps Data Sync Speed, 1m Length (ACM - AZ1, Black)",Computers&Accessories,149.0,63.0,1423,DEAL_SEEKER,DEAL_SEEKER,39.52777777777778,5889.638888888889,2238.0627777777777,DEAL_SEEKER,0,0.0
B09HCH3JZG,"Bestor ® 8K Hdmi 2.1 Cable 48Gbps 9.80Ft/Ultra High Speed Hdmi Braided Cord For Roku Tv/Ps5/Hdtv/Blu-Ray Projector, Laptop, Television, Personal Computer, Xbox, Ps4, Ps5, Ps4 Pro (1 M, Grey)",Electronics,699.0,63.0,390,DEAL_SEEKER,DEAL_SEEKER,10.833333333333334,7572.5,2877.55,DEAL_SEEKER,0,0.0
B08ZHYNTM1,Havells Festiva 1200mm Dust Resistant Ceiling Fan (Gold Mist),Home&Kitchen,2899.0,28.0,7140,QUALITY_FIRST,QUALITY_FIRST,198.33333333333334,574968.3333333334,143742.08333333334,QUALITY_FIRST,0,0.0
B09XJ5LD6L,"Samsung Galaxy M53 5G (Deep Ocean Blue, 6GB, 128GB Storage) | 108MP | sAmoled+ 120Hz | 12GB RAM with RAM Plus | Travel Adapter to be Purchased Separately",Electronics,23999.0,27.0,8866,UNMATCHED,UNMATCHED,246.27777777777777,5910420.388888889,295521.01944444445,QUALITY_FIRST,1,886563.0583333333
B08Y1TFSP6,"pTron Solero TB301 3A Type-C Data and Fast Charging Cable, Made in India, 480Mbps Data Sync, Strong and Durable 1.5-Meter Nylon Braided USB Cable for Type-C Devices for Charging Adapter (Black)",Computers&Accessories,149.0,85.0,24871,DEAL_SEEKER,DEAL_SEEKER,690.8611111111111,102938.30555555555,39116.55611111111,DEAL_SEEKER,0,0.0
B08Y1TFSP6,"pTron Solero TB301 3A Type-C Data and Fast Charging Cable, Made in India, 480Mbps Data Sync, Strong and Durable 1.5-Meter Nylon Braided USB Cable for Type-C Devices for Charging Adapter (Black)",Computers&Accessories,149.0,85.0,24870,DEAL_SEEKER,DEAL_SEEKER,690.8333333333334,102934.16666666667,39114.98333333334,DEAL_SEEKER,0,0.0
B08Y1TFSP6,"pTron Solero TB301 3A Type-C Data and Fast Charging Cable, Made in India, 480Mbps Data Sync, Strong and Durable 1.5-Meter Nylon Braided USB Cable for Type-C Devices for Charging Adapter (Black)",Computers&Accessories,149.0,85.0,24870,DEAL_SEEKER,DEAL_SEEKER,690.8333333333334,102934.16666666667,39114.98333333334,DEAL_SEEKER,0,0.0
B085CZ3SR1,Mi 10W Wall Charger for Mobile Phones with Micro USB Cable (Black),Electronics,499.0,17.0,21916,UNMATCHED,UNMATCHED,608.7777777777778,303780.1111111111,15189.005555555557,QUALITY_FIRST,1,45567.01666666667
B078HRR1XV,Wacom One by CTL-472/K0-CX Digital Drawing Graphics Pen Tablet (Red & Black) Small (6-inch x 3.5-inch)(15x8cm) | Battery Free Cordless Pen with 2048 Pressure Level,Computers&Accessories,3303.0,30.0,13544,QUALITY_FIRST,QUALITY_FIRST,376.22222222222223,1242662.0,310665.5,QUALITY_FIRST,0,0.0
B01D5H8ZI8,AmazonBasics 3 Feet High Speed HDMI Male to Female 2.0 Extension Cable,Electronics,229.0,62.0,12835,DEAL_SEEKER,DEAL_SEEKER,356.52777777777777,81644.86111111111,31025.047222222223,DEAL_SEEKER,0,0.0
B00DJ5N9VK,Faber-Castell Connector Pen Set - Pack of 25 (Assorted),Toys&Games,150.0,0.0,15867,QUALITY_FIRST,QUALITY_FIRST,440.75,66112.5,16528.125,QUALITY_FIRST,0,0.0
B079S811J3,"Redgear Cosmo 7,1 Usb Gaming Wired Over Ear Headphones With Mic With Virtual Surround Sound,50Mm Driver, Rgb Leds & Remote Control(Black)",Computers&Accessories,1990.0,34.0,14237,QUALITY_FIRST,QUALITY_FIRST,395.47222222222223,786989.7222222222,196747.43055555556,SOCIAL_PROOF,1,118048.45833333333
B08CF3D7QR,Portronics Konnect L POR-1081 Fast Charging 3A Type-C Cable 1.2Meter with Charge & Sync Function for All Type-C Devices (Grey),Computers&Accessories,154.0,55.0,13391,DEAL_SEEKER,DEAL_SEEKER,371.97222222222223,57283.722222222226,21767.814444444448,DEAL_SEEKER,0,0.0
B08CF3D7QR,Portronics Konnect L POR-1081 Fast Charging 3A Type-C Cable 1.2Meter with Charge & Sync Function for All Type-C Devices (Grey),Computers&Accessories,154.0,55.0,13391,DEAL_SEEKER,DEAL_SEEKER,371.97222222222223,57283.722222222226,21767.814444444448,DEAL_SEEKER,0,0.0
B08CF3D7QR,Portronics Konnect L POR-1081 Fast Charging 3A Type-C Cable 1.2Meter with Charge & Sync Function for All Type-C Devices (Grey),Computers&Accessories,154.0,55.0,13391,DEAL_SEEKER,DEAL_SEEKER,371.97222222222223,57283.722222222226,21767.814444444448,DEAL_SEEKER,0,0.0
B09NY6TRXG,"POCO C31 (Royal Blue, 64 GB) (4 GB RAM)",Electronics,8499.0,29.0,276,UNMATCHED,UNMATCHED,7.666666666666667,65159.0,3257.9500000000003,QUALITY_FIRST,1,9773.85
B07DL1KC3H,Isoelite Remote Compatible for Samsung LED/LCD Remote Control Works with All Samsung LED/LCD TV Model No :- BN59-607A (Please Match The Image with Your Old Remote),Electronics,299.0,67.0,1588,DEAL_SEEKER,DEAL_SEEKER,44.111111111111114,13189.222222222223,5011.904444444444,DEAL_SEEKER,0,0.0
B012MQS060,"Logitech MK215 Wireless Keyboard and Mouse Combo for Windows, 2.4 GHz Wireless, Compact Design, 2-Year Battery Life(Keyboard),5 Month Battery Life(Mouse) PC/Laptop- Black",Computers&Accessories,1295.0,28.0,25771,SOCIAL_PROOF,SOCIAL_PROOF,715.8611111111111,927040.1388888889,203948.83055555556,QUALITY_FIRST,1,139056.0208333333
B0BL3R4RGS,VAPJA® Portable Mini Juicer Cup Blender USB Rechargeable with 4 Blades for Shakes and Smoothies Fruits Vegetables Juice Maker Grinder Mixer Strong Cutting Bottle Sports Travel Outdoors Gym (BOTTLE),Home&Kitchen,649.0,35.0,4,UNMATCHED,UNMATCHED,0.1111111111111111,72.1111111111111,3.605555555555555,SOCIAL_PROOF,1,10.816666666666665
B01I1LDZGA,"Pigeon Kessel Multipurpose Kettle (12173) 1.2 litres with Stainless Steel Body, used for boiling Water and milk, Tea, Coffee, Oats, Noodles, Soup etc. 600 Watt (Black & Silver)",Home&Kitchen,1499.0,16.0,14667,UNMATCHED,UNMATCHED,407.4166666666667,610717.5833333334,30535.87916666667,QUALITY_FIRST,1,91607.6375
B09B9SPC7F,"PC SQUARE Laptop Tabletop Stand/ Computer Tablet Stand 6 Angles Adjustable Aluminum Ergonomic Foldable Portable Desktop Holder Compatible with MacBook, HP, Dell, Lenovo & All Other Notebook (Silver)",Computers&Accessories,499.0,62.0,2740,DEAL_SEEKER,DEAL_SEEKER,76.11111111111111,37979.444444444445,14432.18888888889,DEAL_SEEKER,0,0.0
B0B7FJNSZR,Proven® Copper + Mineral RO+UV+UF 10 to 12 Liter RO + UV + TDS ADJUSTER Water Purifier with Copper Charge Technology black & copper Best For Home and Office (Made In India),Home&Kitchen,5395.0,73.0,535,DEAL_SEEKER,DEAL_SEEKER,14.86111111111111,80175.69444444444,30466.763888888887,DEAL_SEEKER,0,0.0
B077T3BG5L,Zebronics ZEB-KM2100 Multimedia USB Keyboard Comes with 114 Keys Including 12 Dedicated Multimedia Keys & with Rupee Key,Computers&Accessories,329.0,18.0,33735,UNMATCHED,UNMATCHED,937.0833333333334,308300.4166666667,15415.020833333336,QUALITY_FIRST,1,46245.0625
B07WMS7TWB,"Pigeon by Stovekraft Amaze Plus Electric Kettle (14289) with Stainless Steel Body, 1.5 litre, used for boiling Water, making tea and coffee, instant noodles, soup etc. 1500 Watt (Silver)",Home&Kitchen,649.0,48.0,123365,DEAL_SEEKER,DEAL_SEEKER,3426.8055555555557,2223996.8055555555,845118.786111111,SOCIAL_PROOF,1,333599.5208333333
B08PKBMJKS,Airtel DigitalTV HD Setup Box Remote,Electronics,197.0,61.0,136,DEAL_SEEKER,DEAL_SEEKER,3.7777777777777777,744.2222222222222,282.8044444444444,DEAL_SEEKER,0,0.0
B082FTPRSK,Zinq Five Fan Cooling Pad and Laptop Stand with Dual Height Adjustment and Dual USB Port Extension (Black),Computers&Accessories,999.0,50.0,27441,DEAL_SEEKER,DEAL_SEEKER,762.25,761487.75,289365.34500000003,SOCIAL_PROOF,1,114223.16249999999
B0836JGZ74,"CSI INTERNATIONAL® Instant Water Geyser, Water Heater, Portable Water Heater, Geyser Made of First Class ABS Plastic 3KW (White)",Home&Kitchen,1049.0,58.0,328,UNMATCHED,UNMATCHED,9.11111111111111,9557.555555555555,477.87777777777774,DEAL_SEEKER,1,1433.6333333333332
B09RWZRCP1,"boAt Type C A750 Stress Resistant, Tangle-free, Sturdy Flat Cable with 6.5A Fast Charging & 480Mbps Data Transmission, 10000+ Bends Lifespan and Extended 1.5m Length(Rebellious Black)",Computers&Accessories,399.0,60.0,1780,DEAL_SEEKER,DEAL_SEEKER,49.44444444444444,19728.333333333332,7496.766666666666,DEAL_SEEKER,0,0.0
B09RWZRCP1,"boAt Type C A750 Stress Resistant, Tangle-free, Sturdy Flat Cable with 6.5A Fast Charging & 480Mbps Data Transmission, 10000+ Bends Lifespan and Extended 1.5m Length(Rebellious Black)",Computers&Accessories,399.0,60.0,1780,DEAL_SEEKER,DEAL_SEEKER,49.44444444444444,19728.333333333332,7496.766666666666,DEAL_SEEKER,0,0.0
B0B4T6MR8N,"pTron Solero M241 2.4A Micro USB Data & Charging Cable, Made in India, 480Mbps Data Sync, Durable 1-Meter Long USB Cable for Micro USB Devices (White)",Computers&Accessories,89.0,89.0,1075,DEAL_SEEKER,DEAL_SEEKER,29.86111111111111,2657.6388888888887,1009.9027777777777,DEAL_SEEKER,0,0.0
B0BDRVFDKP,"SanDisk Ultra® microSDXC™ UHS-I Card, 64GB, 140MB/s R, 10 Y Warranty, for Smartphones",Electronics,569.0,43.0,67259,SOCIAL_PROOF,SOCIAL_PROOF,1868.3055555555557,1063065.8611111112,233874.48944444448,SOCIAL_PROOF,0,0.0
B0BDRVFDKP,"SanDisk Ultra® microSDXC™ UHS-I Card, 64GB, 140MB/s R, 10 Y Warranty, for Smartphones",Electronics,569.0,43.0,67262,SOCIAL_PROOF,SOCIAL_PROOF,1868.388888888889,1063113.2777777778,233884.9211111111,SOCIAL_PROOF,0,0.0
B09LQQYNZQ,Realme Smart TV Stick 4K,Electronics,4699.0,0.0,224,UNMATCHED,UNMATCHED,6.222222222222222,29238.222222222223,1461.9111111111113,QUALITY_FIRST,1,4385.733333333334
B08PPHFXG3,Posh 1.5 Meter High Speed Gold Plated HDMI Male to Female Extension Cable (Black),Electronics,173.0,83.0,1237,DEAL_SEEKER,DEAL_SEEKER,34.361111111111114,5944.472222222223,2258.8994444444447,DEAL_SEEKER,0,0.0
B00H3H03Q4,HUL Pureit Germkill kit for Classic 23 L water purifier - 3000 L Capacity,Home&Kitchen,1130.0,0.0,13250,SOCIAL_PROOF,SOCIAL_PROOF,368.05555555555554,415902.77777777775,91498.61111111111,QUALITY_FIRST,1,62385.41666666666
B01IBRHE3E,"Gizga Essentials Professional 3-in-1 Cleaning Kit for Camera, Lens, Binocular, Laptop, TV, Monitor, Smartphone, Tablet (Includes: Cleaning Liquid 100ml, Plush Microfiber Cloth, Dust Removal Brush)",Electronics,299.0,40.0,24432,UNMATCHED,UNMATCHED,678.6666666666666,202921.3333333333,10146.066666666666,SOCIAL_PROOF,1,30438.199999999997
B01DJJVFPC,"Duracell Ultra Alkaline AAA Battery, 8 Pcs",Electronics,269.0,15.0,17810,QUALITY_FIRST,QUALITY_FIRST,494.72222222222223,133080.27777777778,33270.069444444445,QUALITY_FIRST,0,0.0
